date,weekday,total_solutions,level_id,schedule
2026-06-22,Mon,28,5x6-0B-BIF,pre-fix
2026-06-23,Tue,41,5x6-0A-BFX,pre-fix
2026-06-24,Wed,33,5x6-0A-CJZ,pre-fix
2026-06-25,Thu,28,5x6-0A-AMY,pre-fix
2026-06-26,Fri,12,5x6-0B-BYJ,pre-fix
2026-06-27,Sat,262,5x6-0B-CID,pre-fix
2026-06-28,Sun,44,5x6-0B-BKE,pre-fix
2026-06-29,Mon,28,5x6-0B-BRQ,pre-fix
2026-06-30,Tue,41,5x6-0A-AMX,pre-fix
2026-07-01,Wed,33,5x6-0A-CJR,pre-fix
2026-07-02,Thu,28,5x6-0A-AKM,pre-fix
2026-07-03,Fri,12,5x6-0B-BYY,pre-fix
2026-07-04,Sat,262,5x6-0B-CID,pre-fix
2026-07-05,Sun,44,5x6-0B-BOW,pre-fix
2026-07-06,Mon,28,5x6-0B-BUB,pre-fix
2026-07-07,Tue,41,5x6-0A-ALC,pre-fix
2026-07-08,Wed,33,5x6-0A-CGD,pre-fix
2026-07-09,Thu,28,5x6-0A-AHJ,pre-fix
2026-07-10,Fri,12,5x6-0B-CBN,pre-fix
2026-07-11,Sat,206,5x6-0B-CAM,pre-fix
2026-07-12,Sun,44,5x6-0B-BTF,pre-fix
2026-07-13,Mon,28,5x6-0B-BYT,pre-fix
2026-07-14,Tue,41,5x6-0A-AJM,pre-fix
2026-07-15,Wed,33,5x6-0A-CCT,pre-fix
2026-07-16,Thu,14,5x6-0B-CHO,pre-fix
2026-07-17,Fri,12,5x6-0B-CBX,pre-fix
2026-07-18,Sat,202,5x6-0B-BJO,pre-fix
2026-07-19,Sun,44,5x6-0B-CCR,pre-fix
2026-07-20,Mon,28,5x6-0B-BZT,pre-fix
2026-07-21,Tue,40,5x6-0B-AXN,pre-fix
2026-07-22,Wed,33,5x6-0A-CCK,pre-fix
2026-07-23,Thu,14,5x6-0B-CHT,pre-fix
2026-07-24,Fri,12,5x6-0B-CEV,pre-fix
2026-07-25,Sat,202,5x6-0B-BOJ,pre-fix
2026-07-26,Sun,44,5x6-0B-CER,pre-fix
2026-07-27,Mon,28,5x6-0B-CCA,pre-fix
2026-07-28,Tue,40,5x6-0A-CUP,pre-fix
2026-07-29,Wed,33,5x6-0A-CBT,pre-fix
2026-07-30,Thu,14,5x6-0B-CMD,pre-fix
2026-07-31,Fri,12,5x6-0B-CEX,pre-fix
2026-08-01,Sat,189,5x6-0B-BNR,pre-fix
2026-08-02,Sun,44,5x6-0B-CSU,pre-fix
2026-08-03,Mon,28,5x6-0B-CSJ,pre-fix
2026-08-04,Tue,40,5x6-0A-COA,pre-fix
2026-08-05,Wed,33,5x6-0A-CAS,pre-fix
2026-08-06,Thu,14,5x6-0B-CON,pre-fix
2026-08-07,Fri,12,5x6-0B-CFI,pre-fix
2026-08-08,Sat,179,5x6-0B-BPD,pre-fix
2026-08-09,Sun,87,5x6-0A-CST,pre-fix
2026-08-10,Mon,28,5x6-0B-CWB,pre-fix
2026-08-11,Tue,40,5x6-0A-CMC,pre-fix
2026-08-12,Wed,33,5x6-0A-BZO,pre-fix
2026-08-13,Thu,14,5x6-0B-CUN,pre-fix
2026-08-14,Fri,12,5x6-0B-CHG,pre-fix
2026-08-15,Sat,347,5x6-0B-APT,pre-fix
2026-08-16,Sun,86,5x6-0A-CYT,pre-fix
2026-08-17,Mon,28,5x6-0B-CYP,pre-fix
2026-08-18,Tue,40,5x6-0A-CHO,pre-fix
2026-08-19,Wed,33,5x6-0A-BZF,pre-fix
2026-08-20,Thu,14,5x6-0B-CVP,pre-fix
2026-08-21,Fri,12,5x6-0B-CMK,pre-fix
2026-08-22,Sat,153,5x6-0B-CHS,pre-fix
2026-08-23,Sun,85,5x6-0B-ASH,pre-fix
2026-08-24,Mon,55,5x6-0B-BAR,pre-fix
2026-08-25,Tue,40,5x6-0A-AWY,pre-fix
2026-08-26,Wed,33,5x6-0A-BRU,pre-fix
2026-08-27,Thu,14,5x6-0B-CWV,pre-fix
2026-08-28,Fri,12,5x6-0B-CMU,pre-fix
2026-08-29,Sat,291,5x6-0B-APX,pre-fix
2026-08-30,Sun,84,5x6-0A-CUZ,pre-fix
2026-08-31,Mon,55,5x6-0A-COT,pre-fix
2026-09-01,Tue,40,5x6-0A-ASD,pre-fix
2026-09-02,Wed,33,5x6-0A-BDI,pre-fix
2026-09-03,Thu,14,5x6-0B-CZH,pre-fix
2026-09-04,Fri,23,5x6-0B-ASS,pre-fix
2026-09-05,Sat,139,5x6-0B-CBC,pre-fix
2026-09-06,Sun,84,5x6-0A-AEN,pre-fix
2026-09-07,Mon,55,5x6-0A-COO,pre-fix
2026-09-08,Tue,40,5x6-0A-AQY,pre-fix
2026-09-09,Wed,33,5x6-0A-AUM,pre-fix
2026-09-10,Thu,14,5x6-0B-DHM,pre-fix
2026-09-11,Fri,23,5x6-0A-DZT,pre-fix
2026-09-12,Sat,131,5x6-0B-CXT,pre-fix
2026-09-13,Sun,42,5x6-0B-BJV,pre-fix
2026-09-14,Mon,54,5x6-0A-CVT,pre-fix
2026-09-15,Tue,40,5x6-0A-AIO,pre-fix
2026-09-16,Wed,33,5x6-0A-AJO,pre-fix
2026-09-17,Thu,14,5x6-0B-DHT,pre-fix
2026-09-18,Fri,23,5x6-0A-DZS,pre-fix
2026-09-19,Sat,261,5x6-0A-COS,pre-fix
2026-09-20,Sun,42,5x6-0B-CNO,pre-fix
2026-09-21,Mon,129,5x6-0B-BOM,mon-peak
2026-09-22,Tue,54,5x6-0A-CUS,mon-peak
2026-09-23,Wed,41,5x6-0B-BHH,mon-peak
2026-09-24,Thu,40,5x6-0A-AIM,mon-peak
2026-09-25,Fri,32,5x6-0B-AWW,mon-peak
2026-09-26,Sat,23,5x6-0A-DUQ,mon-peak
2026-09-27,Sun,14,5x6-0B-BNE,mon-peak
2026-09-28,Mon,128,5x6-0B-BTI,mon-peak
2026-09-29,Tue,54,5x6-0A-CRO,mon-peak
2026-09-30,Wed,41,5x6-0B-BJE,mon-peak
2026-10-01,Thu,32,5x6-0A-DVJ,mon-peak
2026-10-02,Fri,23,5x6-0A-DDJ,mon-peak
2026-10-03,Sat,20,5x6-0B-CNK,mon-peak
2026-10-04,Sun,14,5x6-0B-BOI,mon-peak
2026-10-05,Mon,122,5x6-0B-BHS,mon-peak
2026-10-06,Tue,54,5x6-0A-CNN,mon-peak
2026-10-07,Wed,41,5x6-0B-CKU,mon-peak
2026-10-08,Thu,32,5x6-0A-CXC,mon-peak
2026-10-09,Fri,23,5x6-0A-CUC,mon-peak
2026-10-10,Sat,20,5x6-0B-CRH,mon-peak
2026-10-11,Sun,14,5x6-0B-BRC,mon-peak
2026-10-12,Mon,122,5x6-0B-BHV,mon-peak
2026-10-13,Tue,81,5x6-0A-CWS,mon-peak
2026-10-14,Wed,54,5x6-0A-AJF,mon-peak
2026-10-15,Thu,32,5x6-0A-CUR,mon-peak
2026-10-16,Fri,23,5x6-0A-CUA,mon-peak
2026-10-17,Sat,20,5x6-0B-CUC,mon-peak
2026-10-18,Sun,14,5x6-0B-BSX,mon-peak
2026-10-19,Mon,238,5x6-0A-COQ,mon-peak
2026-10-20,Tue,81,5x6-0A-CRG,mon-peak
2026-10-21,Wed,54,5x6-0A-AEA,mon-peak
2026-10-22,Thu,32,5x6-0A-CTS,mon-peak
2026-10-23,Fri,23,5x6-0A-CJQ,mon-peak
2026-10-24,Sat,20,5x6-0B-CYS,mon-peak
2026-10-25,Sun,14,5x6-0B-BUH,mon-peak
2026-10-26,Mon,117,5x6-0B-BOD,mon-peak
2026-10-27,Tue,40,5x6-0B-BJX,mon-peak
2026-10-28,Wed,32,5x6-0A-CRM,mon-peak
2026-10-29,Thu,27,5x6-0B-BQQ,mon-peak
2026-10-30,Fri,23,5x6-0A-CFT,mon-peak
2026-10-31,Sat,20,5x6-0B-BKC,mon-peak
2026-11-01,Sun,14,5x6-0B-BUI,mon-peak
2026-11-02,Mon,116,5x6-0B-BIB,mon-peak
2026-11-03,Tue,40,5x6-0B-BLG,mon-peak
2026-11-04,Wed,32,5x6-0A-BYR,mon-peak
2026-11-05,Thu,27,5x6-0B-BTV,mon-peak
2026-11-06,Fri,23,5x6-0A-CAE,mon-peak
2026-11-07,Sat,20,5x6-0B-BOX,mon-peak
2026-11-08,Sun,14,5x6-0B-BUL,mon-peak
2026-11-09,Mon,113,5x6-0B-BOH,mon-peak
2026-11-10,Tue,40,5x6-0B-BUE,mon-peak
2026-11-11,Wed,32,5x6-0A-BVM,mon-peak
2026-11-12,Thu,27,5x6-0B-CAZ,mon-peak
2026-11-13,Fri,23,5x6-0A-BYC,mon-peak
2026-11-14,Sat,20,5x6-0B-BZM,mon-peak
2026-11-15,Sun,14,5x6-0B-BYR,mon-peak
2026-11-16,Mon,225,5x6-0A-CVB,mon-peak
2026-11-17,Tue,53,5x6-0B-ARB,mon-peak
2026-11-18,Wed,40,5x6-0B-BZP,mon-peak
2026-11-19,Thu,32,5x6-0A-BSO,mon-peak
2026-11-20,Fri,23,5x6-0A-BTO,mon-peak
2026-11-21,Sat,20,5x6-0B-CIU,mon-peak
2026-11-22,Sun,14,5x6-0B-CAB,mon-peak
2026-11-23,Mon,111,5x6-0B-BID,mon-peak
2026-11-24,Tue,53,5x6-0A-CYY,mon-peak
2026-11-25,Wed,40,5x6-0B-CMT,mon-peak
2026-11-26,Thu,32,5x6-0A-BSJ,mon-peak
2026-11-27,Fri,23,5x6-0A-BSD,mon-peak
2026-11-28,Sat,20,5x6-0B-CND,mon-peak
2026-11-29,Sun,14,5x6-0B-CAI,mon-peak
2026-11-30,Mon,106,5x6-0B-CAP,mon-peak
2026-12-01,Tue,79,5x6-0A-BBC,mon-peak
2026-12-02,Wed,53,5x6-0A-CRE,mon-peak
2026-12-03,Thu,39,5x6-0B-BCL,mon-peak
2026-12-04,Fri,32,5x6-0A-BQU,mon-peak
2026-12-05,Sat,23,5x6-0A-BOW,mon-peak
2026-12-06,Sun,14,5x6-0B-CDV,mon-peak
2026-12-07,Mon,210,5x6-0A-CRB,mon-peak
2026-12-08,Tue,78,5x6-0A-DIW,mon-peak
2026-12-09,Wed,53,5x6-0A-BBA,mon-peak
2026-12-10,Thu,39,5x6-0A-CXO,mon-peak
2026-12-11,Fri,32,5x6-0A-BLT,mon-peak
2026-12-12,Sat,23,5x6-0A-BNV,mon-peak
2026-12-13,Sun,14,5x6-0B-CHI,mon-peak
2026-12-14,Mon,104,5x6-0B-CNH,mon-peak
2026-12-15,Tue,78,5x6-0A-CUQ,mon-peak
2026-12-16,Wed,52,5x6-0A-CMP,mon-peak
2026-12-17,Thu,39,5x6-0A-CIK,mon-peak
2026-12-18,Fri,32,5x6-0A-BLN,mon-peak
2026-12-19,Sat,27,5x6-0B-AVN,mon-peak
2026-12-20,Sun,23,5x6-0A-BKK,mon-peak
2026-12-21,Mon,103,5x6-0B-BPJ,mon-peak
2026-12-22,Tue,78,5x6-0A-CLY,mon-peak
2026-12-23,Wed,52,5x6-0A-BRT,mon-peak
2026-12-24,Thu,39,5x6-0A-CGL,mon-peak
2026-12-25,Fri,32,5x6-0A-BLH,mon-peak
2026-12-26,Sat,27,5x6-0A-EBJ,mon-peak
2026-12-27,Sun,23,5x6-0A-BKE,mon-peak
2026-12-28,Mon,204,5x6-0B-APM,mon-peak
2026-12-29,Tue,78,5x6-0A-AVJ,mon-peak
2026-12-30,Wed,39,5x6-0A-CDU,mon-peak
2026-12-31,Thu,32,5x6-0A-AZY,mon-peak
2027-01-01,Fri,27,5x6-0A-DMG,mon-peak
2027-01-02,Sat,26,5x6-0B-BHE,mon-peak
2027-01-03,Sun,23,5x6-0A-BHC,mon-peak
2027-01-04,Mon,99,5x6-0B-BNS,mon-peak
2027-01-05,Tue,77,5x6-0A-CWR,mon-peak
2027-01-06,Wed,39,5x6-0A-BZL,mon-peak
2027-01-07,Thu,32,5x6-0A-AQP,mon-peak
2027-01-08,Fri,27,5x6-0A-DLB,mon-peak
2027-01-09,Sat,26,5x6-0B-BLX,mon-peak
2027-01-10,Sun,23,5x6-0A-AZN,mon-peak
2027-01-11,Mon,99,5x6-0B-CAN,mon-peak
2027-01-12,Tue,77,5x6-0A-AHN,mon-peak
2027-01-13,Wed,39,5x6-0A-BYD,mon-peak
2027-01-14,Thu,32,5x6-0A-AHL,mon-peak
2027-01-15,Fri,27,5x6-0A-DIY,mon-peak
2027-01-16,Sat,26,5x6-0B-BPU,mon-peak
2027-01-17,Sun,23,5x6-0A-AXC,mon-peak
2027-01-18,Mon,98,5x6-0B-BJB,mon-peak
2027-01-19,Tue,76,5x6-0A-BWZ,mon-peak
2027-01-20,Wed,39,5x6-0A-BWX,mon-peak
2027-01-21,Thu,27,5x6-0A-DEH,mon-peak
2027-01-22,Fri,26,5x6-0B-BQZ,mon-peak
2027-01-23,Sat,23,5x6-0A-ATR,mon-peak
2027-01-24,Sun,16,5x6-0B-BVO,mon-peak
2027-01-25,Mon,188,5x6-0B-AQI,mon-peak
2027-01-26,Tue,76,5x6-0A-AWZ,mon-peak
2027-01-27,Wed,39,5x6-0A-BMG,mon-peak
2027-01-28,Thu,27,5x6-0A-DEF,mon-peak
2027-01-29,Fri,26,5x6-0B-CCO,mon-peak
2027-01-30,Sat,23,5x6-0A-AFF,mon-peak
2027-01-31,Sun,16,5x6-0B-BXD,mon-peak
2027-02-01,Mon,93,5x6-0B-CIT,mon-peak
2027-02-02,Tue,76,5x6-0A-AHU,mon-peak
2027-02-03,Wed,39,5x6-0A-ARJ,mon-peak
2027-02-04,Thu,27,5x6-0A-DCM,mon-peak
2027-02-05,Fri,26,5x6-0B-CDX,mon-peak
2027-02-06,Sat,22,5x6-0A-CXJ,mon-peak
2027-02-07,Sun,16,5x6-0B-BXY,mon-peak
2027-02-08,Mon,92,5x6-0B-BZJ,mon-peak
2027-02-09,Tue,39,5x6-0A-ARG,mon-peak
2027-02-10,Wed,38,5x6-0B-BJZ,mon-peak
2027-02-11,Thu,27,5x6-0A-DBC,mon-peak
2027-02-12,Fri,26,5x6-0B-CFF,mon-peak
2027-02-13,Sat,22,5x6-0A-CWI,mon-peak
2027-02-14,Sun,16,5x6-0B-BYS,mon-peak
2027-02-15,Mon,91,5x6-0B-BGY,mon-peak
2027-02-16,Tue,39,5x6-0A-AJI,mon-peak
2027-02-17,Wed,38,5x6-0B-BNW,mon-peak
2027-02-18,Thu,27,5x6-0A-CYB,mon-peak
2027-02-19,Fri,26,5x6-0B-CSG,mon-peak
2027-02-20,Sat,22,5x6-0A-CVU,mon-peak
2027-02-21,Sun,16,5x6-0B-BZC,mon-peak
2027-02-22,Mon,90,5x6-0B-CHB,mon-peak
2027-02-23,Tue,38,5x6-0B-ANJ,mon-peak
2027-02-24,Wed,38,5x6-0B-CHK,mon-peak
2027-02-25,Thu,27,5x6-0A-CXY,mon-peak
2027-02-26,Fri,26,5x6-0B-DAK,mon-peak
2027-02-27,Sat,22,5x6-0A-CRU,mon-peak
2027-02-28,Sun,16,5x6-0B-CEH,mon-peak
2027-03-01,Mon,89,5x6-0B-CCB,mon-peak
2027-03-02,Tue,51,5x6-0B-BAQ,mon-peak
2027-03-03,Wed,38,5x6-0A-DHP,mon-peak
2027-03-04,Thu,38,5x6-0B-CXU,mon-peak
2027-03-05,Fri,27,5x6-0A-CWH,mon-peak
2027-03-06,Sat,22,5x6-0A-CPA,mon-peak
2027-03-07,Sun,16,5x6-0B-CGP,mon-peak
2027-03-08,Mon,176,5x6-0A-CYF,mon-peak
2027-03-09,Tue,75,5x6-0B-BCK,mon-peak
2027-03-10,Wed,51,5x6-0A-DWF,mon-peak
2027-03-11,Thu,38,5x6-0A-CXE,mon-peak
2027-03-12,Fri,27,5x6-0A-CVN,mon-peak
2027-03-13,Sat,22,5x6-0A-CLE,mon-peak
2027-03-14,Sun,16,5x6-0B-CHU,mon-peak
2027-03-15,Mon,175,5x6-0A-CYL,mon-peak
2027-03-16,Tue,75,5x6-0B-AQF,mon-peak
2027-03-17,Wed,51,5x6-0A-CUJ,mon-peak
2027-03-18,Thu,38,5x6-0A-CFP,mon-peak
2027-03-19,Fri,27,5x6-0A-CRD,mon-peak
2027-03-20,Sat,22,5x6-0A-CKG,mon-peak
2027-03-21,Sun,16,5x6-0B-COT,mon-peak
2027-03-22,Mon,173,5x6-0B-AWN,mon-peak
2027-03-23,Tue,75,5x6-0B-ANI,mon-peak
2027-03-24,Wed,51,5x6-0A-BMK,mon-peak
2027-03-25,Thu,38,5x6-0A-CFO,mon-peak
2027-03-26,Fri,27,5x6-0A-CNX,mon-peak
2027-03-27,Sat,22,5x6-0A-CHH,mon-peak
2027-03-28,Sun,16,5x6-0B-CPT,mon-peak
2027-03-29,Mon,86,5x6-0B-BOK,mon-peak
2027-03-30,Tue,75,5x6-0A-CUW,mon-peak
2027-03-31,Wed,51,5x6-0A-AVK,mon-peak
2027-04-01,Thu,38,5x6-0A-CCL,mon-peak
2027-04-02,Fri,27,5x6-0A-CNH,mon-peak
2027-04-03,Sat,22,5x6-0A-CHG,mon-peak
2027-04-04,Sun,16,5x6-0B-CSS,mon-peak
2027-04-05,Mon,86,5x6-0B-CHH,mon-peak
2027-04-06,Tue,75,5x6-0A-CCY,mon-peak
2027-04-07,Wed,50,5x6-0A-DUR,mon-peak
2027-04-08,Thu,38,5x6-0A-BSM,mon-peak
2027-04-09,Fri,27,5x6-0A-CMG,mon-peak
2027-04-10,Sat,22,5x6-0A-BTA,mon-peak
2027-04-11,Sun,16,5x6-0B-CUQ,mon-peak
2027-04-12,Mon,169,5x6-0A-CYK,mon-peak
2027-04-13,Tue,75,5x6-0A-AFP,mon-peak
2027-04-14,Wed,50,5x6-0A-CXN,mon-peak
2027-04-15,Thu,38,5x6-0A-BGB,mon-peak
2027-04-16,Fri,27,5x6-0A-CKU,mon-peak
2027-04-17,Sat,22,5x6-0A-BRN,mon-peak
2027-04-18,Sun,16,5x6-0B-CXL,mon-peak
2027-04-19,Mon,82,5x6-0B-BNO,mon-peak
2027-04-20,Tue,74,5x6-0A-COP,mon-peak
2027-04-21,Wed,50,5x6-0A-CUE,mon-peak
2027-04-22,Thu,38,5x6-0A-BBG,mon-peak
2027-04-23,Fri,27,5x6-0A-CGM,mon-peak
2027-04-24,Sat,22,5x6-0A-BPJ,mon-peak
2027-04-25,Sun,16,5x6-0B-CXS,mon-peak
2027-04-26,Mon,82,5x6-0B-BOR,mon-peak
2027-04-27,Tue,74,5x6-0A-BWL,mon-peak
2027-04-28,Wed,50,5x6-0A-CCA,mon-peak
2027-04-29,Thu,38,5x6-0A-AJD,mon-peak
2027-04-30,Fri,27,5x6-0A-CFK,mon-peak
2027-05-01,Sat,22,5x6-0A-BNH,mon-peak
2027-05-02,Sun,16,5x6-0B-CYW,mon-peak
2027-05-03,Mon,160,5x6-0A-CXL,mon-peak
2027-05-04,Tue,74,5x6-0A-AUY,mon-peak
2027-05-05,Wed,50,5x6-0A-BTP,mon-peak
2027-05-06,Thu,38,5x6-0A-AEK,mon-peak
2027-05-07,Fri,27,5x6-0A-CDO,mon-peak
2027-05-08,Sat,22,5x6-0A-BMI,mon-peak
2027-05-09,Sun,16,5x6-0B-DEF,mon-peak
2027-05-10,Mon,80,5x6-0B-BJP,mon-peak
2027-05-11,Tue,50,5x6-0A-BAY,mon-peak
2027-05-12,Wed,37,5x6-0B-BNV,mon-peak
2027-05-13,Thu,27,5x6-0A-CDI,mon-peak
2027-05-14,Fri,22,5x6-0A-BHB,mon-peak
2027-05-15,Sat,19,5x6-0B-BIZ,mon-peak
2027-05-16,Sun,16,5x6-0B-DFO,mon-peak
2027-05-17,Mon,80,5x6-0B-BPE,mon-peak
2027-05-18,Tue,73,5x6-0A-CML,mon-peak
2027-05-19,Wed,50,5x6-0A-AWM,mon-peak
2027-05-20,Thu,27,5x6-0A-BXY,mon-peak
2027-05-21,Fri,22,5x6-0A-BFL,mon-peak
2027-05-22,Sat,19,5x6-0B-BKK,mon-peak
2027-05-23,Sun,16,5x6-0B-BHP,mon-peak
2027-05-24,Mon,158,5x6-0A-CUH,mon-peak
2027-05-25,Tue,73,5x6-0A-BZX,mon-peak
2027-05-26,Wed,50,5x6-0A-ASN,mon-peak
2027-05-27,Thu,27,5x6-0A-BVF,mon-peak
2027-05-28,Fri,22,5x6-0A-AZJ,mon-peak
2027-05-29,Sat,19,5x6-0B-BLI,mon-peak
2027-05-30,Sun,16,5x6-0B-BIC,mon-peak
2027-05-31,Mon,79,5x6-0B-CGZ,mon-peak
2027-06-01,Tue,73,5x6-0A-BZI,mon-peak
2027-06-02,Wed,27,5x6-0A-BDH,mon-peak
2027-06-03,Thu,25,5x6-0B-BHX,mon-peak
2027-06-04,Fri,22,5x6-0A-ATT,mon-peak
2027-06-05,Sat,19,5x6-0B-BWX,mon-peak
2027-06-06,Sun,16,5x6-0B-BKH,mon-peak
2027-06-07,Mon,157,5x6-0A-CRC,mon-peak
2027-06-08,Tue,72,5x6-0A-CQD,mon-peak
2027-06-09,Wed,31,5x6-0A-APD,mon-peak
2027-06-10,Thu,27,5x6-0A-BAI,mon-peak
2027-06-11,Fri,25,5x6-0B-CAX,mon-peak
2027-06-12,Sat,22,5x6-0A-ARS,mon-peak
2027-06-13,Sun,19,5x6-0B-BXJ,mon-peak
2027-06-14,Mon,156,5x6-0A-CQJ,mon-peak
2027-06-15,Tue,72,5x6-0A-AEL,mon-peak
2027-06-16,Wed,31,5x6-0A-AFG,mon-peak
2027-06-17,Thu,27,5x6-0A-AZS,mon-peak
2027-06-18,Fri,25,5x6-0B-CCK,mon-peak
2027-06-19,Sat,22,5x6-0A-ARD,mon-peak
2027-06-20,Sun,19,5x6-0B-CBU,mon-peak
2027-06-21,Mon,78,5x6-0B-CSH,mon-peak
2027-06-22,Tue,72,5x6-0B-AWV,mon-peak
2027-06-23,Wed,31,5x6-0B-AQJ,mon-peak
2027-06-24,Thu,27,5x6-0A-AYJ,mon-peak
2027-06-25,Fri,25,5x6-0B-CNA,mon-peak
2027-06-26,Sat,22,5x6-0A-AMQ,mon-peak
2027-06-27,Sun,19,5x6-0B-CDN,mon-peak
2027-06-28,Mon,155,5x6-0A-CVH,mon-peak
2027-06-29,Tue,72,5x6-0A-CTZ,mon-peak
2027-06-30,Wed,49,5x6-0A-CXU,mon-peak
2027-07-01,Thu,31,5x6-0A-DKB,mon-peak
2027-07-02,Fri,27,5x6-0A-APH,mon-peak
2027-07-03,Sat,22,5x6-0A-ALL,mon-peak
2027-07-04,Sun,19,5x6-0B-CGT,mon-peak
2027-07-05,Mon,155,5x6-0A-CUV,mon-peak
2027-07-06,Tue,49,5x6-0A-CTY,mon-peak
2027-07-07,Wed,36,5x6-0B-CUG,mon-peak
2027-07-08,Thu,31,5x6-0A-DHX,mon-peak
2027-07-09,Fri,27,5x6-0A-AJC,mon-peak
2027-07-10,Sat,22,5x6-0A-AKU,mon-peak
2027-07-11,Sun,19,5x6-0B-CKM,mon-peak
2027-07-12,Mon,153,5x6-0A-CQH,mon-peak
2027-07-13,Tue,49,5x6-0A-CTT,mon-peak
2027-07-14,Wed,36,5x6-0B-CXA,mon-peak
2027-07-15,Thu,31,5x6-0A-CZE,mon-peak
2027-07-16,Fri,27,5x6-0A-AIY,mon-peak
2027-07-17,Sat,22,5x6-0B-BDF,mon-peak
2027-07-18,Sun,19,5x6-0B-CLK,mon-peak
2027-07-19,Mon,76,5x6-0B-BOB,mon-peak
2027-07-20,Tue,71,5x6-0B-AVF,mon-peak
2027-07-21,Wed,49,5x6-0A-CPH,mon-peak
2027-07-22,Thu,31,5x6-0A-CTF,mon-peak
2027-07-23,Fri,26,5x6-0A-CLI,mon-peak
2027-07-24,Sat,22,5x6-0B-BDD,mon-peak
2027-07-25,Sun,19,5x6-0B-CMH,mon-peak
2027-07-26,Mon,76,5x6-0B-CYC,mon-peak
2027-07-27,Tue,70,5x6-0B-AXI,mon-peak
2027-07-28,Wed,49,5x6-0A-BML,mon-peak
2027-07-29,Thu,31,5x6-0A-CQU,mon-peak
2027-07-30,Fri,26,5x6-0A-CIW,mon-peak
2027-07-31,Sat,22,5x6-0B-BAO,mon-peak
2027-08-01,Sun,19,5x6-0B-CMM,mon-peak
2027-08-02,Mon,75,5x6-0B-BTU,mon-peak
2027-08-03,Tue,70,5x6-0A-CWV,mon-peak
2027-08-04,Wed,49,5x6-0A-AWQ,mon-peak
2027-08-05,Thu,31,5x6-0A-CQS,mon-peak
2027-08-06,Fri,26,5x6-0A-CHN,mon-peak
2027-08-07,Sat,22,5x6-0B-AYP,mon-peak
2027-08-08,Sun,19,5x6-0B-CMS,mon-peak
2027-08-09,Mon,74,5x6-0B-BIY,mon-peak
2027-08-10,Tue,70,5x6-0A-CTD,mon-peak
2027-08-11,Wed,49,5x6-0A-AWA,mon-peak
2027-08-12,Thu,31,5x6-0A-CPD,mon-peak
2027-08-13,Fri,26,5x6-0A-CCP,mon-peak
2027-08-14,Sat,22,5x6-0B-AXM,mon-peak
2027-08-15,Sun,19,5x6-0B-CNI,mon-peak
2027-08-16,Mon,74,5x6-0B-CHJ,mon-peak
2027-08-17,Tue,70,5x6-0A-CDS,mon-peak
2027-08-18,Wed,48,5x6-0A-CWO,mon-peak
2027-08-19,Thu,31,5x6-0A-COG,mon-peak
2027-08-20,Fri,26,5x6-0A-CCD,mon-peak
2027-08-21,Sat,22,5x6-0B-ATY,mon-peak
2027-08-22,Sun,19,5x6-0B-CPH,mon-peak
2027-08-23,Mon,147,5x6-0A-COY,mon-peak
2027-08-24,Tue,70,5x6-0A-AIX,mon-peak
2027-08-25,Wed,48,5x6-0A-CWK,mon-peak
2027-08-26,Thu,31,5x6-0A-CNP,mon-peak
2027-08-27,Fri,26,5x6-0A-BZG,mon-peak
2027-08-28,Sat,22,5x6-0B-APR,mon-peak
2027-08-29,Sun,19,5x6-0B-CVI,mon-peak
2027-08-30,Mon,144,5x6-0B-AQH,mon-peak
2027-08-31,Tue,48,5x6-0A-CHV,mon-peak
2027-09-01,Wed,35,5x6-0B-BHC,mon-peak
2027-09-02,Thu,31,5x6-0A-CLR,mon-peak
2027-09-03,Fri,26,5x6-0A-BZA,mon-peak
2027-09-04,Sat,22,5x6-0A-DWX,mon-peak
2027-09-05,Sun,19,5x6-0B-CVK,mon-peak
2027-09-06,Mon,144,5x6-0A-CXM,mon-peak
2027-09-07,Tue,48,5x6-0A-AQU,mon-peak
2027-09-08,Wed,35,5x6-0B-BWK,mon-peak
2027-09-09,Thu,31,5x6-0A-BYO,mon-peak
2027-09-10,Fri,26,5x6-0A-BYB,mon-peak
2027-09-11,Sat,22,5x6-0A-DWD,mon-peak
2027-09-12,Sun,19,5x6-0B-DAQ,mon-peak
2027-09-13,Mon,143,5x6-0A-CUU,mon-peak
2027-09-14,Tue,48,5x6-0A-AEH,mon-peak
2027-09-15,Wed,38,5x6-0B-DBN,mon-peak
2027-09-16,Thu,35,5x6-0B-CKG,mon-peak
2027-09-17,Fri,31,5x6-0A-BWU,mon-peak
2027-09-18,Sat,26,5x6-0A-BWS,mon-peak
2027-09-19,Sun,22,5x6-0A-DRF,mon-peak
2027-09-20,Mon,142,5x6-0A-CON,mon-peak
2027-09-21,Tue,69,5x6-0A-CBM,mon-peak
2027-09-22,Wed,31,5x6-0A-BVQ,mon-peak
2027-09-23,Thu,26,5x6-0A-BVO,mon-peak
2027-09-24,Fri,24,5x6-0B-BIW,mon-peak
2027-09-25,Sat,22,5x6-0A-DQL,mon-peak
2027-09-26,Sun,19,5x6-0B-DGX,mon-peak
2027-09-27,Mon,71,5x6-0B-BNI,mon-peak
2027-09-28,Tue,68,5x6-0A-CSW,mon-peak
2027-09-29,Wed,37,5x6-0A-AOO,mon-peak
2027-09-30,Thu,31,5x6-0A-BMY,mon-peak
2027-10-01,Fri,26,5x6-0A-BME,mon-peak
2027-10-02,Sat,24,5x6-0B-BNK,mon-peak
2027-10-03,Sun,22,5x6-0A-DKL,mon-peak
2027-10-04,Mon,140,5x6-0A-CUL,mon-peak
2027-10-05,Tue,68,5x6-0A-CDL,mon-peak
2027-10-06,Wed,37,5x6-0A-ALO,mon-peak
2027-10-07,Thu,31,5x6-0A-BLS,mon-peak
2027-10-08,Fri,26,5x6-0A-BLZ,mon-peak
2027-10-09,Sat,24,5x6-0B-CAF,mon-peak
2027-10-10,Sun,22,5x6-0A-DHW,mon-peak
2027-10-11,Mon,140,5x6-0A-BYE,mon-peak
2027-10-12,Tue,68,5x6-0A-AHD,mon-peak
2027-10-13,Wed,37,5x6-0A-AJL,mon-peak
2027-10-14,Thu,31,5x6-0A-BDB,mon-peak
2027-10-15,Fri,26,5x6-0A-BAZ,mon-peak
2027-10-16,Sat,24,5x6-0B-CAJ,mon-peak
2027-10-17,Sun,11,5x6-0B-BJL,mon-peak
2027-10-18,Mon,70,5x6-0B-CBP,mon-peak
2027-10-19,Tue,37,5x6-0A-AHK,mon-peak
2027-10-20,Wed,34,5x6-0B-BJK,mon-peak
2027-10-21,Thu,31,5x6-0A-AYV,mon-peak
2027-10-22,Fri,26,5x6-0A-BAW,mon-peak
2027-10-23,Sat,24,5x6-0B-CGK,mon-peak
2027-10-24,Sun,11,5x6-0B-BPP,mon-peak
2027-10-25,Mon,70,5x6-0B-CYV,mon-peak
2027-10-26,Tue,37,5x6-0B-BAX,mon-peak
2027-10-27,Wed,34,5x6-0B-CBD,mon-peak
2027-10-28,Thu,31,5x6-0A-AYP,mon-peak
2027-10-29,Fri,26,5x6-0A-BAE,mon-peak
2027-10-30,Sat,24,5x6-0B-CIN,mon-peak
2027-10-31,Sun,11,5x6-0B-BQA,mon-peak
2027-11-01,Mon,138,5x6-0A-CRA,mon-peak
2027-11-02,Tue,37,5x6-0A-DXC,mon-peak
2027-11-03,Wed,34,5x6-0B-CBM,mon-peak
2027-11-04,Thu,31,5x6-0A-AVX,mon-peak
2027-11-05,Fri,26,5x6-0A-AYR,mon-peak
2027-11-06,Sat,24,5x6-0B-CJA,mon-peak
2027-11-07,Sun,11,5x6-0B-BRS,mon-peak
2027-11-08,Mon,69,5x6-0B-BTY,mon-peak
2027-11-09,Tue,37,5x6-0A-DHV,mon-peak
2027-11-10,Wed,34,5x6-0B-CTO,mon-peak
2027-11-11,Thu,30,5x6-0C-AAA,mon-peak
2027-11-12,Fri,26,5x6-0A-AWB,mon-peak
2027-11-13,Sat,24,5x6-0B-CSP,mon-peak
2027-11-14,Sun,11,5x6-0B-BWO,mon-peak
2027-11-15,Mon,137,5x6-0A-CYH,mon-peak
2027-11-16,Tue,37,5x6-0A-CQT,mon-peak
2027-11-17,Wed,34,5x6-0B-DFE,mon-peak
2027-11-18,Thu,30,5x6-0A-DXD,mon-peak
2027-11-19,Fri,26,5x6-0A-AUT,mon-peak
2027-11-20,Sat,24,5x6-0B-CTI,mon-peak
2027-11-21,Sun,11,5x6-0B-CCG,mon-peak
2027-11-22,Mon,68,5x6-0B-BUG,mon-peak
2027-11-23,Tue,37,5x6-0A-CGE,mon-peak
2027-11-24,Wed,34,5x6-0B-DHJ,mon-peak
2027-11-25,Thu,30,5x6-0A-DMI,mon-peak
2027-11-26,Fri,26,5x6-0A-AMI,mon-peak
2027-11-27,Sat,24,5x6-0B-CYB,mon-peak
2027-11-28,Sun,11,5x6-0B-CCZ,mon-peak
2027-11-29,Mon,135,5x6-0B-APH,mon-peak
2027-11-30,Tue,67,5x6-0B-ASG,mon-peak
2027-12-01,Wed,37,5x6-0A-BCX,mon-peak
2027-12-02,Thu,30,5x6-0A-DKY,mon-peak
2027-12-03,Fri,26,5x6-0A-ALQ,mon-peak
2027-12-04,Sat,24,5x6-0B-CYJ,mon-peak
2027-12-05,Sun,11,5x6-0B-CGR,mon-peak
2027-12-06,Mon,67,5x6-0B-APO,mon-peak
2027-12-07,Tue,67,5x6-0B-BJM,mon-peak
2027-12-08,Wed,47,5x6-0A-CAT,mon-peak
2027-12-09,Thu,37,5x6-0A-AZX,mon-peak
2027-12-10,Fri,30,5x6-0A-DID,mon-peak
2027-12-11,Sat,26,5x6-0A-AEM,mon-peak
2027-12-12,Sun,11,5x6-0B-CLJ,mon-peak
2027-12-13,Mon,67,5x6-0A-CPX,mon-peak
2027-12-14,Tue,67,5x6-0B-BNP,mon-peak
2027-12-15,Wed,47,5x6-0A-BMW,mon-peak
2027-12-16,Thu,37,5x6-0A-AZW,mon-peak
2027-12-17,Fri,30,5x6-0A-DEG,mon-peak
2027-12-18,Sat,26,5x6-0A-AEE,mon-peak
2027-12-19,Sun,22,5x6-0B-CMO,mon-peak
2027-12-20,Mon,67,5x6-0B-CTG,mon-peak
2027-12-21,Tue,66,5x6-0A-DXB,mon-peak
2027-12-22,Wed,47,5x6-0A-AZE,mon-peak
2027-12-23,Thu,37,5x6-0A-AWL,mon-peak
2027-12-24,Fri,30,5x6-0A-CYW,mon-peak
2027-12-25,Sat,26,5x6-0B-AXE,mon-peak
2027-12-26,Sun,11,5x6-0B-CMY,mon-peak
2027-12-27,Mon,133,5x6-0B-BBM,mon-peak
2027-12-28,Tue,66,5x6-0A-CYJ,mon-peak
2027-12-29,Wed,47,5x6-0A-AWU,mon-peak
2027-12-30,Thu,37,5x6-0A-ATV,mon-peak
2027-12-31,Fri,30,5x6-0A-CVV,mon-peak
2028-01-01,Sat,26,5x6-0B-APS,mon-peak
2028-01-02,Sun,11,5x6-0B-CPJ,mon-peak
2028-01-03,Mon,132,5x6-0A-CVG,mon-peak
2028-01-04,Tue,66,5x6-0A-CVS,mon-peak
2028-01-05,Wed,47,5x6-0A-ASC,mon-peak
2028-01-06,Thu,36,5x6-0B-BBG,mon-peak
2028-01-07,Fri,30,5x6-0A-CTP,mon-peak
2028-01-08,Sat,26,5x6-0B-AAQ,mon-peak
2028-01-09,Sun,21,5x6-0B-BDT,mon-peak
2028-01-10,Mon,132,5x6-0A-CRF,mon-peak
2028-01-11,Tue,66,5x6-0A-BZD,mon-peak
2028-01-12,Wed,47,5x6-0A-AHR,mon-peak
2028-01-13,Thu,36,5x6-0B-AWO,mon-peak
2028-01-14,Fri,30,5x6-0A-CLC,mon-peak
2028-01-15,Sat,26,5x6-0A-EAX,mon-peak
2028-01-16,Sun,21,5x6-0B-BCD,mon-peak
2028-01-17,Mon,132,5x6-0A-CBX,mon-peak
2028-01-18,Tue,66,5x6-0A-AVF,mon-peak
2028-01-19,Wed,47,5x6-0A-AGZ,mon-peak
2028-01-20,Thu,36,5x6-0A-DWH,mon-peak
2028-01-21,Fri,30,5x6-0A-CHS,mon-peak
2028-01-22,Sat,26,5x6-0A-DMB,mon-peak
2028-01-23,Sun,21,5x6-0B-AWY,mon-peak
2028-01-24,Mon,66,5x6-0A-AVE,mon-peak
2028-01-25,Tue,66,5x6-0B-BHG,mon-peak
2028-01-26,Wed,47,5x6-0A-AFE,mon-peak
2028-01-27,Thu,36,5x6-0A-CVR,mon-peak
2028-01-28,Fri,30,5x6-0A-CCN,mon-peak
2028-01-29,Sat,26,5x6-0A-CXD,mon-peak
2028-01-30,Sun,21,5x6-0B-ATS,mon-peak
2028-01-31,Mon,66,5x6-0B-BOQ,mon-peak
2028-02-01,Tue,47,5x6-0B-ANM,mon-peak
2028-02-02,Wed,36,5x6-0A-CMA,mon-peak
2028-02-03,Thu,33,5x6-0B-CBL,mon-peak
2028-02-04,Fri,30,5x6-0A-BWV,mon-peak
2028-02-05,Sat,26,5x6-0A-CSL,mon-peak
2028-02-06,Sun,21,5x6-0B-ANQ,mon-peak
2028-02-07,Mon,66,5x6-0B-BTJ,mon-peak
2028-02-08,Tue,47,5x6-0A-COC,mon-peak
2028-02-09,Wed,36,5x6-0A-CKK,mon-peak
2028-02-10,Thu,33,5x6-0B-CIJ,mon-peak
2028-02-11,Fri,30,5x6-0A-BWI,mon-peak
2028-02-12,Sat,26,5x6-0A-CPJ,mon-peak
2028-02-13,Sun,21,5x6-0B-ANL,mon-peak
2028-02-14,Mon,128,5x6-0A-CYE,mon-peak
2028-02-15,Tue,65,5x6-0A-CWX,mon-peak
2028-02-16,Wed,46,5x6-0B-BCV,mon-peak
2028-02-17,Thu,36,5x6-0A-CIO,mon-peak
2028-02-18,Fri,30,5x6-0A-BUS,mon-peak
2028-02-19,Sat,21,5x6-0A-EBF,mon-peak
2028-02-20,Sun,13,5x6-0B-BLB,mon-peak
2028-02-21,Mon,65,5x6-0A-CBP,mon-peak
2028-02-22,Tue,64,5x6-0B-BGW,mon-peak
2028-02-23,Wed,46,5x6-0B-BBU,mon-peak
2028-02-24,Thu,36,5x6-0A-CDT,mon-peak
2028-02-25,Fri,30,5x6-0A-BUA,mon-peak
2028-02-26,Sat,21,5x6-0A-DZW,mon-peak
2028-02-27,Sun,13,5x6-0B-BPA,mon-peak
2028-02-28,Mon,65,5x6-0A-BZZ,mon-peak
2028-02-29,Tue,64,5x6-0B-CBO,mon-peak
2028-03-01,Wed,46,5x6-0B-AXO,mon-peak
2028-03-02,Thu,36,5x6-0A-CCW,mon-peak
2028-03-03,Fri,30,5x6-0A-BDM,mon-peak
2028-03-04,Sat,21,5x6-0A-DWQ,mon-peak
2028-03-05,Sun,13,5x6-0B-BQK,mon-peak
2028-03-06,Mon,65,5x6-0A-AUA,mon-peak
2028-03-07,Tue,64,5x6-0B-CHR,mon-peak
2028-03-08,Wed,46,5x6-0A-CUF,mon-peak
2028-03-09,Thu,36,5x6-0A-BXZ,mon-peak
2028-03-10,Fri,30,5x6-0A-AZC,mon-peak
2028-03-11,Sat,21,5x6-0A-DUI,mon-peak
2028-03-12,Sun,13,5x6-0B-BUD,mon-peak
2028-03-13,Mon,64,5x6-0A-DIB,mon-peak
2028-03-14,Tue,64,5x6-0B-DBU,mon-peak
2028-03-15,Wed,46,5x6-0A-CLG,mon-peak
2028-03-16,Thu,36,5x6-0A-BLU,mon-peak
2028-03-17,Fri,30,5x6-0A-AWI,mon-peak
2028-03-18,Sat,21,5x6-0A-DQB,mon-peak
2028-03-19,Sun,13,5x6-0B-CIO,mon-peak
2028-03-20,Mon,127,5x6-0A-AVI,mon-peak
2028-03-21,Tue,64,5x6-0A-CIL,mon-peak
2028-03-22,Wed,46,5x6-0A-BTI,mon-peak
2028-03-23,Thu,36,5x6-0A-BIU,mon-peak
2028-03-24,Fri,30,5x6-0A-AUX,mon-peak
2028-03-25,Sat,21,5x6-0A-DKV,mon-peak
2028-03-26,Sun,13,5x6-0B-CRC,mon-peak
2028-03-27,Mon,125,5x6-0A-CUG,mon-peak
2028-03-28,Tue,64,5x6-0A-BXF,mon-peak
2028-03-29,Wed,36,5x6-0A-ATS,mon-peak
2028-03-30,Thu,30,5x6-0A-ASL,mon-peak
2028-03-31,Fri,23,5x6-0B-BKR,mon-peak
2028-04-01,Sat,21,5x6-0A-DIU,mon-peak
2028-04-02,Sun,13,5x6-0B-CSN,mon-peak
2028-04-03,Mon,64,5x6-0A-AXA,mon-peak
2028-04-04,Tue,62,5x6-0B-BTP,mon-peak
2028-04-05,Wed,36,5x6-0A-AIP,mon-peak
2028-04-06,Thu,30,5x6-0A-AQV,mon-peak
2028-04-07,Fri,23,5x6-0B-CAO,mon-peak
2028-04-08,Sat,21,5x6-0A-DER,mon-peak
2028-04-09,Sun,13,5x6-0B-CVT,mon-peak
2028-04-10,Mon,62,5x6-0B-BZK,mon-peak
2028-04-11,Tue,32,5x6-0B-BOE,mon-peak
2028-04-12,Wed,30,5x6-0A-AOQ,mon-peak
2028-04-13,Thu,25,5x6-0A-EBI,mon-peak
2028-04-14,Fri,23,5x6-0B-CGQ,mon-peak
2028-04-15,Sat,21,5x6-0A-DCY,mon-peak
2028-04-16,Sun,18,5x6-0B-BIP,mon-peak
2028-04-17,Mon,62,5x6-0B-CHD,mon-peak
2028-04-18,Tue,32,5x6-0B-BTD,mon-peak
2028-04-19,Wed,30,5x6-0A-AOH,mon-peak
2028-04-20,Thu,25,5x6-0A-DGJ,mon-peak
2028-04-21,Fri,23,5x6-0B-CHE,mon-peak
2028-04-22,Sat,21,5x6-0A-CYU,mon-peak
2028-04-23,Sun,18,5x6-0B-BKQ,mon-peak
2028-04-24,Mon,123,5x6-0B-BBP,mon-peak
2028-04-25,Tue,32,5x6-0B-BTN,mon-peak
2028-04-26,Wed,30,5x6-0A-AMO,mon-peak
2028-04-27,Thu,25,5x6-0A-DCN,mon-peak
2028-04-28,Fri,23,5x6-0B-CHY,mon-peak
2028-04-29,Sat,21,5x6-0A-CVZ,mon-peak
2028-04-30,Sun,18,5x6-0B-BTM,mon-peak
2028-05-01,Mon,61,5x6-0B-BII,mon-peak
2028-05-02,Tue,32,5x6-0B-CBY,mon-peak
2028-05-03,Wed,30,5x6-0A-AHA,mon-peak
2028-05-04,Thu,25,5x6-0A-CPF,mon-peak
2028-05-05,Fri,23,5x6-0B-CSZ,mon-peak
2028-05-06,Sat,21,5x6-0A-CVC,mon-peak
2028-05-07,Sun,18,5x6-0B-BZF,mon-peak
2028-05-08,Mon,120,5x6-0A-CVA,mon-peak
2028-05-09,Tue,45,5x6-0B-BBX,mon-peak
2028-05-10,Wed,32,5x6-0B-CII,mon-peak
2028-05-11,Thu,25,5x6-0A-CMW,mon-peak
2028-05-12,Fri,21,5x6-0A-CSK,mon-peak
2028-05-13,Sat,18,5x6-0B-BZI,mon-peak
2028-05-14,Sun,15,5x6-0B-BFR,mon-peak
2028-05-15,Mon,60,5x6-0B-CBS,mon-peak
2028-05-16,Tue,45,5x6-0A-CUD,mon-peak
2028-05-17,Wed,32,5x6-0B-CIX,mon-peak
2028-05-18,Thu,25,5x6-0A-CKL,mon-peak
2028-05-19,Fri,21,5x6-0A-CLX,mon-peak
2028-05-20,Sat,18,5x6-0B-CAC,mon-peak
2028-05-21,Sun,15,5x6-0B-BGS,mon-peak
2028-05-22,Mon,60,5x6-0B-CIE,mon-peak
2028-05-23,Tue,45,5x6-0A-CQX,mon-peak
2028-05-24,Wed,32,5x6-0B-CMG,mon-peak
2028-05-25,Thu,25,5x6-0A-CKB,mon-peak
2028-05-26,Fri,21,5x6-0A-CLT,mon-peak
2028-05-27,Sat,18,5x6-0B-CCV,mon-peak
2028-05-28,Sun,15,5x6-0B-BGZ,mon-peak
2028-05-29,Mon,118,5x6-0A-COW,mon-peak
2028-05-30,Tue,45,5x6-0A-CLJ,mon-peak
2028-05-31,Wed,32,5x6-0B-CTF,mon-peak
2028-06-01,Thu,25,5x6-0A-CIQ,mon-peak
2028-06-02,Fri,21,5x6-0A-CHI,mon-peak
2028-06-03,Sat,18,5x6-0B-CDT,mon-peak
2028-06-04,Sun,15,5x6-0B-BHQ,mon-peak
2028-06-05,Mon,117,5x6-0B-ANA,mon-peak
2028-06-06,Tue,63,5x6-0B-BBK,mon-peak
2028-06-07,Wed,45,5x6-0A-CDH,mon-peak
2028-06-08,Thu,25,5x6-0A-CIG,mon-peak
2028-06-09,Fri,21,5x6-0A-CEA,mon-peak
2028-06-10,Sat,18,5x6-0B-CES,mon-peak
2028-06-11,Sun,15,5x6-0B-BJC,mon-peak
2028-06-12,Mon,117,5x6-0A-CYR,mon-peak
2028-06-13,Tue,63,5x6-0A-CQK,mon-peak
2028-06-14,Wed,45,5x6-0A-BZC,mon-peak
2028-06-15,Thu,25,5x6-0A-CCO,mon-peak
2028-06-16,Fri,21,5x6-0A-CDJ,mon-peak
2028-06-17,Sat,18,5x6-0B-CMJ,mon-peak
2028-06-18,Sun,15,5x6-0B-BJS,mon-peak
2028-06-19,Mon,63,5x6-0A-BBF,mon-peak
2028-06-20,Tue,58,5x6-0B-BPC,mon-peak
2028-06-21,Wed,45,5x6-0A-BTH,mon-peak
2028-06-22,Thu,25,5x6-0A-CBG,mon-peak
2028-06-23,Fri,21,5x6-0A-CDG,mon-peak
2028-06-24,Sat,18,5x6-0B-CPS,mon-peak
2028-06-25,Sun,15,5x6-0B-BKN,mon-peak
2028-06-26,Mon,63,5x6-0A-AWP,mon-peak
2028-06-27,Tue,58,5x6-0B-CUA,mon-peak
2028-06-28,Wed,45,5x6-0A-BRR,mon-peak
2028-06-29,Thu,25,5x6-0A-BRS,mon-peak
2028-06-30,Fri,21,5x6-0A-CAQ,mon-peak
2028-07-01,Sat,18,5x6-0B-CSF,mon-peak
2028-07-02,Sun,15,5x6-0B-BKS,mon-peak
2028-07-03,Mon,63,5x6-0A-AHF,mon-peak
2028-07-04,Tue,58,5x6-0B-CYK,mon-peak
2028-07-05,Wed,45,5x6-0A-BFY,mon-peak
2028-07-06,Thu,25,5x6-0A-BRE,mon-peak
2028-07-07,Fri,21,5x6-0A-BJS,mon-peak
2028-07-08,Sat,18,5x6-0B-CTM,mon-peak
2028-07-09,Sun,15,5x6-0B-BLF,mon-peak
2028-07-10,Mon,115,5x6-0A-BZQ,mon-peak
2028-07-11,Tue,62,5x6-0A-CYM,mon-peak
2028-07-12,Wed,45,5x6-0A-BCR,mon-peak
2028-07-13,Thu,25,5x6-0A-BIB,mon-peak
2028-07-14,Fri,21,5x6-0A-BGX,mon-peak
2028-07-15,Sat,18,5x6-0B-CUM,mon-peak
2028-07-16,Sun,15,5x6-0B-BLU,mon-peak
2028-07-17,Mon,114,5x6-0A-CXT,mon-peak
2028-07-18,Tue,62,5x6-0A-BXE,mon-peak
2028-07-19,Wed,45,5x6-0A-BAO,mon-peak
2028-07-20,Thu,25,5x6-0A-BAT,mon-peak
2028-07-21,Fri,21,5x6-0A-BDG,mon-peak
2028-07-22,Sat,18,5x6-0B-DEV,mon-peak
2028-07-23,Sun,15,5x6-0B-BOC,mon-peak
2028-07-24,Mon,114,5x6-0A-CQW,mon-peak
2028-07-25,Tue,45,5x6-0A-AVM,mon-peak
2028-07-26,Wed,35,5x6-0B-ASD,mon-peak
2028-07-27,Thu,31,5x6-0B-BKB,mon-peak
2028-07-28,Fri,25,5x6-0A-AXW,mon-peak
2028-07-29,Sat,21,5x6-0A-BCH,mon-peak
2028-07-30,Sun,15,5x6-0B-BQU,mon-peak
2028-07-31,Mon,57,5x6-0B-BIE,mon-peak
2028-08-01,Tue,45,5x6-0A-ASO,mon-peak
2028-08-02,Wed,35,5x6-0A-DWE,mon-peak
2028-08-03,Thu,31,5x6-0B-BTA,mon-peak
2028-08-04,Fri,25,5x6-0A-AUL,mon-peak
2028-08-05,Sat,21,5x6-0A-BAH,mon-peak
2028-08-06,Sun,15,5x6-0B-CAD,mon-peak
2028-08-07,Mon,113,5x6-0A-BZY,mon-peak
2028-08-08,Tue,44,5x6-0B-AYK,mon-peak
2028-08-09,Wed,35,5x6-0A-DKC,mon-peak
2028-08-10,Thu,31,5x6-0B-CGL,mon-peak
2028-08-11,Fri,25,5x6-0A-AQW,mon-peak
2028-08-12,Sat,21,5x6-0A-AYZ,mon-peak
2028-08-13,Sun,15,5x6-0B-CAK,mon-peak
2028-08-14,Mon,111,5x6-0A-CXG,mon-peak
2028-08-15,Tue,44,5x6-0A-CIA,mon-peak
2028-08-16,Wed,35,5x6-0A-DIX,mon-peak
2028-08-17,Thu,31,5x6-0B-CJC,mon-peak
2028-08-18,Fri,25,5x6-0A-AGK,mon-peak
2028-08-19,Sat,21,5x6-0A-AYO,mon-peak
2028-08-20,Sun,15,5x6-0B-CAR,mon-peak
2028-08-21,Mon,111,5x6-0A-CXF,mon-peak
2028-08-22,Tue,44,5x6-0A-CFU,mon-peak
2028-08-23,Wed,35,5x6-0A-DDC,mon-peak
2028-08-24,Thu,31,5x6-0B-CRU,mon-peak
2028-08-25,Fri,24,5x6-0B-BDZ,mon-peak
2028-08-26,Sat,21,5x6-0A-AVW,mon-peak
2028-08-27,Sun,15,5x6-0B-CBI,mon-peak
2028-08-28,Mon,109,5x6-0B-APP,mon-peak
2028-08-29,Tue,61,5x6-0B-AQR,mon-peak
2028-08-30,Wed,44,5x6-0A-BAX,mon-peak
2028-08-31,Thu,35,5x6-0A-DDA,mon-peak
2028-09-01,Fri,24,5x6-0B-BBZ,mon-peak
2028-09-02,Sat,21,5x6-0A-ATU,mon-peak
2028-09-03,Sun,15,5x6-0B-CHA,mon-peak
2028-09-04,Mon,108,5x6-0A-BZR,mon-peak
2028-09-05,Tue,61,5x6-0A-DIV,mon-peak
2028-09-06,Wed,44,5x6-0A-AZB,mon-peak
2028-09-07,Thu,35,5x6-0A-CYX,mon-peak
2028-09-08,Fri,24,5x6-0B-BBB,mon-peak
2028-09-09,Sat,21,5x6-0A-AQO,mon-peak
2028-09-10,Sun,15,5x6-0B-CKB,mon-peak
2028-09-11,Mon,61,5x6-0A-CYA,mon-peak
2028-09-12,Tue,54,5x6-0B-CBB,mon-peak
2028-09-13,Wed,44,5x6-0A-AFT,mon-peak
2028-09-14,Thu,35,5x6-0A-CSU,mon-peak
2028-09-15,Fri,24,5x6-0B-AVX,mon-peak
2028-09-16,Sat,21,5x6-0A-AIQ,mon-peak
2028-09-17,Sun,15,5x6-0B-CMI,mon-peak
2028-09-18,Mon,107,5x6-0A-CQV,mon-peak
2028-09-19,Tue,61,5x6-0A-CXZ,mon-peak
2028-09-20,Wed,44,5x6-0A-AFH,mon-peak
2028-09-21,Thu,35,5x6-0A-CRQ,mon-peak
2028-09-22,Fri,24,5x6-0B-ARI,mon-peak
2028-09-23,Sat,21,5x6-0A-AHC,mon-peak
2028-09-24,Sun,15,5x6-0B-CNM,mon-peak
2028-09-25,Mon,106,5x6-0A-CXK,mon-peak
2028-09-26,Tue,61,5x6-0A-CDF,mon-peak
2028-09-27,Wed,35,5x6-0A-CQZ,mon-peak
2028-09-28,Thu,29,5x6-0B-AQS,mon-peak
2028-09-29,Fri,24,5x6-0A-DYV,mon-peak
2028-09-30,Sat,22,5x6-0B-BIL,mon-peak
2028-10-01,Sun,21,5x6-0A-AFD,mon-peak
2028-10-02,Mon,106,5x6-0A-CQL,mon-peak
2028-10-03,Tue,61,5x6-0A-AGN,mon-peak
2028-10-04,Wed,35,5x6-0A-COL,mon-peak
2028-10-05,Thu,29,5x6-0A-DSQ,mon-peak
2028-10-06,Fri,24,5x6-0A-DMD,mon-peak
2028-10-07,Sat,22,5x6-0B-BPQ,mon-peak
2028-10-08,Sun,20,5x6-0B-BDK,mon-peak
2028-10-09,Mon,106,5x6-0A-COH,mon-peak
2028-10-10,Tue,61,5x6-0A-AGM,mon-peak
2028-10-11,Wed,35,5x6-0A-CMJ,mon-peak
2028-10-12,Thu,29,5x6-0A-DQN,mon-peak
2028-10-13,Fri,24,5x6-0A-DKR,mon-peak
2028-10-14,Sat,22,5x6-0B-BYU,mon-peak
2028-10-15,Sun,20,5x6-0B-BCP,mon-peak
2028-10-16,Mon,105,5x6-0A-BYJ,mon-peak
2028-10-17,Tue,60,5x6-0B-BCN,mon-peak
2028-10-18,Wed,35,5x6-0A-CLF,mon-peak
2028-10-19,Thu,29,5x6-0A-DOQ,mon-peak
2028-10-20,Fri,24,5x6-0A-DIA,mon-peak
2028-10-21,Sat,22,5x6-0B-CAT,mon-peak
2028-10-22,Sun,20,5x6-0B-AYY,mon-peak
2028-10-23,Mon,105,5x6-0A-AVH,mon-peak
2028-10-24,Tue,60,5x6-0A-CXI,mon-peak
2028-10-25,Wed,35,5x6-0A-CIS,mon-peak
2028-10-26,Thu,29,5x6-0A-DDB,mon-peak
2028-10-27,Fri,24,5x6-0A-DCL,mon-peak
2028-10-28,Sat,22,5x6-0B-CCE,mon-peak
2028-10-29,Sun,20,5x6-0B-AYV,mon-peak
2028-10-30,Mon,104,5x6-0A-AHS,mon-peak
2028-10-31,Tue,60,5x6-0A-CWZ,mon-peak
2028-11-01,Wed,35,5x6-0A-CGC,mon-peak
2028-11-02,Thu,29,5x6-0A-DCJ,mon-peak
2028-11-03,Fri,24,5x6-0A-DBH,mon-peak
2028-11-04,Sat,22,5x6-0B-CEG,mon-peak
2028-11-05,Sun,20,5x6-0B-AYR,mon-peak
2028-11-06,Mon,60,5x6-0A-CQP,mon-peak
2028-11-07,Tue,52,5x6-0B-BUO,mon-peak
2028-11-08,Wed,35,5x6-0A-CBW,mon-peak
2028-11-09,Thu,29,5x6-0A-CWT,mon-peak
2028-11-10,Fri,24,5x6-0A-CXB,mon-peak
2028-11-11,Sat,22,5x6-0B-CNS,mon-peak
2028-11-12,Sun,20,5x6-0B-AXA,mon-peak
2028-11-13,Mon,60,5x6-0A-CNJ,mon-peak
2028-11-14,Tue,52,5x6-0B-BZL,mon-peak
2028-11-15,Wed,35,5x6-0A-BLM,mon-peak
2028-11-16,Thu,29,5x6-0A-CNG,mon-peak
2028-11-17,Fri,24,5x6-0A-CVI,mon-peak
2028-11-18,Sat,22,5x6-0B-CSW,mon-peak
2028-11-19,Sun,20,5x6-0B-AVI,mon-peak
2028-11-20,Mon,60,5x6-0A-CMQ,mon-peak
2028-11-21,Tue,52,5x6-0B-CIA,mon-peak
2028-11-22,Wed,35,5x6-0A-BAG,mon-peak
2028-11-23,Thu,29,5x6-0A-CBE,mon-peak
2028-11-24,Fri,24,5x6-0A-CSI,mon-peak
2028-11-25,Sat,22,5x6-0B-DHP,mon-peak
2028-11-26,Sun,20,5x6-0B-ARC,mon-peak
2028-11-27,Mon,103,5x6-0A-CDR,mon-peak
2028-11-28,Tue,60,5x6-0A-BTZ,mon-peak
2028-11-29,Wed,43,5x6-0B-ANZ,mon-peak
2028-11-30,Thu,35,5x6-0A-AWR,mon-peak
2028-12-01,Fri,29,5x6-0A-BWK,mon-peak
2028-12-02,Sat,24,5x6-0A-CPV,mon-peak
2028-12-03,Sun,20,5x6-0B-ANX,mon-peak
2028-12-04,Mon,102,5x6-0A-CXQ,mon-peak
2028-12-05,Tue,60,5x6-0A-BAJ,mon-peak
2028-12-06,Wed,43,5x6-0A-DQM,mon-peak
2028-12-07,Thu,35,5x6-0A-AIV,mon-peak
2028-12-08,Fri,29,5x6-0A-BLV,mon-peak
2028-12-09,Sat,24,5x6-0A-CNM,mon-peak
2028-12-10,Sun,20,5x6-0B-ANG,mon-peak
2028-12-11,Mon,101,5x6-0A-CCX,mon-peak
2028-12-12,Tue,43,5x6-0A-CQF,mon-peak
2028-12-13,Wed,34,5x6-0B-ARH,mon-peak
2028-12-14,Thu,30,5x6-0B-BHM,mon-peak
2028-12-15,Fri,29,5x6-0A-BAP,mon-peak
2028-12-16,Sat,24,5x6-0A-CNI,mon-peak
2028-12-17,Sun,20,5x6-0A-DZP,mon-peak
2028-12-18,Mon,101,5x6-0A-ATY,mon-peak
2028-12-19,Tue,43,5x6-0A-CPY,mon-peak
2028-12-20,Wed,34,5x6-0B-AOR,mon-peak
2028-12-21,Thu,30,5x6-0B-BHU,mon-peak
2028-12-22,Fri,29,5x6-0A-AZD,mon-peak
2028-12-23,Sat,24,5x6-0A-CNE,mon-peak
2028-12-24,Sun,20,5x6-0A-DYX,mon-peak
2028-12-25,Mon,100,5x6-0A-CUM,mon-peak
2028-12-26,Tue,43,5x6-0A-COM,mon-peak
2028-12-27,Wed,34,5x6-0A-DWA,mon-peak
2028-12-28,Thu,30,5x6-0B-BTE,mon-peak
2028-12-29,Fri,28,5x6-0B-AXC,mon-peak
2028-12-30,Sat,24,5x6-0A-CMK,mon-peak
2028-12-31,Sun,20,5x6-0A-DWY,mon-peak
2029-01-01,Mon,100,5x6-0A-COE,mon-peak
2029-01-02,Tue,43,5x6-0A-COF,mon-peak
2029-01-03,Wed,34,5x6-0A-DVA,mon-peak
2029-01-04,Thu,30,5x6-0B-BXB,mon-peak
2029-01-05,Fri,28,5x6-0B-AWQ,mon-peak
2029-01-06,Sat,24,5x6-0A-CLU,mon-peak
2029-01-07,Sun,20,5x6-0A-DVX,mon-peak
2029-01-08,Mon,100,5x6-0A-AUV,mon-peak
2029-01-09,Tue,43,5x6-0A-CBY,mon-peak
2029-01-10,Wed,34,5x6-0A-DQR,mon-peak
2029-01-11,Thu,30,5x6-0B-CLC,mon-peak
2029-01-12,Fri,28,5x6-0B-AVW,mon-peak
2029-01-13,Sat,24,5x6-0A-CKC,mon-peak
2029-01-14,Sun,20,5x6-0A-DRG,mon-peak
2029-01-15,Mon,50,5x6-0B-CIB,mon-peak
2029-01-16,Tue,43,5x6-0A-BZN,mon-peak
2029-01-17,Wed,34,5x6-0A-DKU,mon-peak
2029-01-18,Thu,30,5x6-0B-CRW,mon-peak
2029-01-19,Fri,28,5x6-0B-ATG,mon-peak
2029-01-20,Sat,24,5x6-0A-CDM,mon-peak
2029-01-21,Sun,20,5x6-0A-DKW,mon-peak
2029-01-22,Mon,50,5x6-0B-CML,mon-peak
2029-01-23,Tue,43,5x6-0A-BTT,mon-peak
2029-01-24,Wed,34,5x6-0A-CPZ,mon-peak
2029-01-25,Thu,30,5x6-0B-CTC,mon-peak
2029-01-26,Fri,28,5x6-0B-ASN,mon-peak
2029-01-27,Sat,24,5x6-0A-CCE,mon-peak
2029-01-28,Sun,20,5x6-0A-DKS,mon-peak
2029-01-29,Mon,59,5x6-0A-CTG,mon-peak
2029-01-30,Tue,50,5x6-0B-CMX,mon-peak
2029-01-31,Wed,43,5x6-0A-BCS,mon-peak
2029-02-01,Thu,34,5x6-0A-CHR,mon-peak
2029-02-02,Fri,28,5x6-0B-ANY,mon-peak
2029-02-03,Sat,24,5x6-0A-CBQ,mon-peak
2029-02-04,Sun,20,5x6-0A-DIT,mon-peak
2029-02-05,Mon,59,5x6-0A-CMD,mon-peak
2029-02-06,Tue,50,5x6-0B-CUI,mon-peak
2029-02-07,Wed,42,5x6-0B-ARE,mon-peak
2029-02-08,Thu,34,5x6-0A-CAX,mon-peak
2029-02-09,Fri,28,5x6-0A-DYQ,mon-peak
2029-02-10,Sat,24,5x6-0A-CBI,mon-peak
2029-02-11,Sun,20,5x6-0A-DIS,mon-peak
2029-02-12,Mon,99,5x6-0A-CQM,mon-peak
2029-02-13,Tue,59,5x6-0A-CCU,mon-peak
2029-02-14,Wed,42,5x6-0B-ANN,mon-peak
2029-02-15,Thu,34,5x6-0A-BYN,mon-peak
2029-02-16,Fri,28,5x6-0A-DYO,mon-peak
2029-02-17,Sat,24,5x6-0A-CAU,mon-peak
2029-02-18,Sun,20,5x6-0A-DIQ,mon-peak
2029-02-19,Mon,99,5x6-0A-AHO,mon-peak
2029-02-20,Tue,59,5x6-0A-BZM,mon-peak
2029-02-21,Wed,42,5x6-0A-EBM,mon-peak
2029-02-22,Thu,34,5x6-0A-BXC,mon-peak
2029-02-23,Fri,28,5x6-0A-DVH,mon-peak
2029-02-24,Sat,24,5x6-0A-BRP,mon-peak
2029-02-25,Sun,20,5x6-0A-DGQ,mon-peak
2029-02-26,Mon,98,5x6-0B-BAS,mon-peak
2029-02-27,Tue,59,5x6-0A-BAK,mon-peak
2029-02-28,Wed,42,5x6-0A-CWJ,mon-peak
2029-03-01,Thu,34,5x6-0A-BWY,mon-peak
2029-03-02,Fri,28,5x6-0A-DJD,mon-peak
2029-03-03,Sat,24,5x6-0A-BNX,mon-peak
2029-03-04,Sun,20,5x6-0A-DGG,mon-peak
2029-03-05,Mon,59,5x6-0A-AWW,mon-peak
2029-03-06,Tue,49,5x6-0B-BOO,mon-peak
2029-03-07,Wed,42,5x6-0A-CQE,mon-peak
2029-03-08,Thu,34,5x6-0A-BTV,mon-peak
2029-03-09,Fri,28,5x6-0A-DHY,mon-peak
2029-03-10,Sat,24,5x6-0A-BMS,mon-peak
2029-03-11,Sun,20,5x6-0A-DEW,mon-peak
2029-03-12,Mon,97,5x6-0A-AUW,mon-peak
2029-03-13,Tue,58,5x6-0A-CYQ,mon-peak
2029-03-14,Wed,42,5x6-0A-CLH,mon-peak
2029-03-15,Thu,34,5x6-0A-BMV,mon-peak
2029-03-16,Fri,28,5x6-0A-DCA,mon-peak
2029-03-17,Sat,24,5x6-0A-AZR,mon-peak
2029-03-18,Sun,20,5x6-0A-DDM,mon-peak
2029-03-19,Mon,96,5x6-0B-BBN,mon-peak
2029-03-20,Tue,58,5x6-0A-CMI,mon-peak
2029-03-21,Wed,42,5x6-0A-CLD,mon-peak
2029-03-22,Thu,34,5x6-0A-AYT,mon-peak
2029-03-23,Fri,28,5x6-0A-CTU,mon-peak
2029-03-24,Sat,24,5x6-0A-AWC,mon-peak
2029-03-25,Sun,20,5x6-0A-DBI,mon-peak
2029-03-26,Mon,58,5x6-0A-CHT,mon-peak
2029-03-27,Tue,48,5x6-0B-BPG,mon-peak
2029-03-28,Wed,42,5x6-0A-CIU,mon-peak
2029-03-29,Thu,34,5x6-0A-ASA,mon-peak
2029-03-30,Fri,28,5x6-0A-CSS,mon-peak
2029-03-31,Sat,24,5x6-0A-AUQ,mon-peak
2029-04-01,Sun,20,5x6-0A-CZF,mon-peak
2029-04-02,Mon,58,5x6-0A-AIR,mon-peak
2029-04-03,Tue,48,5x6-0B-CXW,mon-peak
2029-04-04,Wed,42,5x6-0A-CGF,mon-peak
2029-04-05,Thu,34,5x6-0A-ARK,mon-peak
2029-04-06,Fri,28,5x6-0A-CSB,mon-peak
2029-04-07,Sat,24,5x6-0A-AOR,mon-peak
2029-04-08,Sun,20,5x6-0A-CXW,mon-peak
2029-04-09,Mon,48,5x6-0B-CZJ,mon-peak
2029-04-10,Tue,42,5x6-0A-CBK,mon-peak
2029-04-11,Wed,34,5x6-0A-ALN,mon-peak
2029-04-12,Thu,29,5x6-0B-BJJ,mon-peak
2029-04-13,Fri,28,5x6-0A-CQR,mon-peak
2029-04-14,Sat,24,5x6-0A-AMT,mon-peak
2029-04-15,Sun,20,5x6-0A-CXV,mon-peak
2029-04-16,Mon,95,5x6-0A-CSV,mon-peak
2029-04-17,Tue,42,5x6-0A-BTU,mon-peak
2029-04-18,Wed,34,5x6-0A-ALD,mon-peak
2029-04-19,Thu,29,5x6-0B-BVG,mon-peak
2029-04-20,Fri,28,5x6-0A-CQB,mon-peak
2029-04-21,Sat,24,5x6-0A-AKT,mon-peak
2029-04-22,Sun,20,5x6-0A-CWN,mon-peak
2029-04-23,Mon,95,5x6-0A-AWN,mon-peak
2029-04-24,Tue,42,5x6-0A-BTF,mon-peak
2029-04-25,Wed,34,5x6-0A-AJE,mon-peak
2029-04-26,Thu,29,5x6-0B-CHM,mon-peak
2029-04-27,Fri,28,5x6-0A-CQA,mon-peak
2029-04-28,Sat,24,5x6-0A-AHB,mon-peak
2029-04-29,Sun,20,5x6-0A-CVQ,mon-peak
2029-04-30,Mon,94,5x6-0A-BYG,mon-peak
2029-05-01,Tue,57,5x6-0A-COD,mon-peak
2029-05-02,Wed,42,5x6-0A-BNW,mon-peak
2029-05-03,Thu,34,5x6-0A-AEJ,mon-peak
2029-05-04,Fri,28,5x6-0A-CBO,mon-peak
2029-05-05,Sat,24,5x6-0A-AFN,mon-peak
2029-05-06,Sun,20,5x6-0A-CSH,mon-peak
2029-05-07,Mon,57,5x6-0A-BZH,mon-peak
2029-05-08,Tue,47,5x6-0B-BRD,mon-peak
2029-05-09,Wed,42,5x6-0A-BMF,mon-peak
2029-05-10,Thu,28,5x6-0A-CAP,mon-peak
2029-05-11,Fri,24,5x6-0A-AFK,mon-peak
2029-05-12,Sat,20,5x6-0A-CRY,mon-peak
2029-05-13,Sun,17,5x6-0B-BFV,mon-peak
2029-05-14,Mon,93,5x6-0A-CUK,mon-peak
2029-05-15,Tue,57,5x6-0A-AUB,mon-peak
2029-05-16,Wed,42,5x6-0A-BCV,mon-peak
2029-05-17,Thu,28,5x6-0A-BWT,mon-peak
2029-05-18,Fri,24,5x6-0A-AEG,mon-peak
2029-05-19,Sat,20,5x6-0A-CRP,mon-peak
2029-05-20,Sun,17,5x6-0B-BQI,mon-peak
2029-05-21,Mon,92,5x6-0B-AVP,mon-peak
2029-05-22,Tue,57,5x6-0A-AEO,mon-peak
2029-05-23,Wed,42,5x6-0A-AWX,mon-peak
2029-05-24,Thu,28,5x6-0A-BVL,mon-peak
2029-05-25,Fri,20,5x6-0A-CPL,mon-peak
2029-05-26,Sat,17,5x6-0B-BWI,mon-peak
2029-05-27,Sun,12,5x6-0B-BGH,mon-peak
2029-05-28,Mon,92,5x6-0A-ATX,mon-peak
2029-05-29,Tue,56,5x6-0B-AXB,mon-peak
2029-05-30,Wed,42,5x6-0A-ASK,mon-peak
2029-05-31,Thu,28,5x6-0A-BVI,mon-peak
2029-06-01,Fri,20,5x6-0A-CNK,mon-peak
2029-06-02,Sat,17,5x6-0B-CJS,mon-peak
2029-06-03,Sun,12,5x6-0B-BHJ,mon-peak
2029-06-04,Mon,56,5x6-0B-AND,mon-peak
2029-06-05,Tue,46,5x6-0B-BHD,mon-peak
2029-06-06,Wed,42,5x6-0A-AIS,mon-peak
2029-06-07,Thu,28,5x6-0A-BSI,mon-peak
2029-06-08,Fri,20,5x6-0A-CFS,mon-peak
2029-06-09,Sat,17,5x6-0B-CPO,mon-peak
2029-06-10,Sun,12,5x6-0B-BJA,mon-peak
2029-06-11,Mon,56,5x6-0A-CPS,mon-peak
2029-06-12,Tue,46,5x6-0B-CGO,mon-peak
2029-06-13,Wed,42,5x6-0A-AFU,mon-peak
2029-06-14,Thu,28,5x6-0A-BIZ,mon-peak
2029-06-15,Fri,20,5x6-0A-CEO,mon-peak
2029-06-16,Sat,17,5x6-0B-CQR,mon-peak
2029-06-17,Sun,12,5x6-0B-BKA,mon-peak
2029-06-18,Mon,56,5x6-0A-CDN,mon-peak
2029-06-19,Tue,46,5x6-0B-CGS,mon-peak
2029-06-20,Wed,42,5x6-0A-AFL,mon-peak
2029-06-21,Thu,28,5x6-0A-BCQ,mon-peak
2029-06-22,Fri,20,5x6-0A-CDA,mon-peak
2029-06-23,Sat,17,5x6-0B-CTY,mon-peak
2029-06-24,Sun,12,5x6-0B-BNM,mon-peak
2029-06-25,Mon,91,5x6-0A-AVL,mon-peak
2029-06-26,Tue,56,5x6-0A-CBZ,mon-peak
2029-06-27,Wed,33,5x6-0A-DHN,mon-peak
2029-06-28,Thu,28,5x6-0A-AVC,mon-peak
2029-06-29,Fri,21,5x6-0B-BQH,mon-peak
2029-06-30,Sat,20,5x6-0A-CBJ,mon-peak
2029-07-01,Sun,12,5x6-0B-BVN,mon-peak
2029-07-02,Mon,90,5x6-0B-BAU,mon-peak
2029-07-03,Tue,56,5x6-0A-CBU,mon-peak
2029-07-04,Wed,33,5x6-0A-DCH,mon-peak
2029-07-05,Thu,28,5x6-0A-AUI,mon-peak
2029-07-06,Fri,21,5x6-0B-CBT,mon-peak
2029-07-07,Sat,20,5x6-0A-BZJ,mon-peak
2029-07-08,Sun,12,5x6-0B-BWE,mon-peak
2029-07-09,Mon,90,5x6-0A-COI,mon-peak
2029-07-10,Tue,56,5x6-0A-AGO,mon-peak
2029-07-11,Wed,41,5x6-0A-CYI,mon-peak
2029-07-12,Thu,33,5x6-0A-CTW,mon-peak
2029-07-13,Fri,28,5x6-0A-AST,mon-peak
2029-07-14,Sat,20,5x6-0A-BYZ,mon-peak
2029-07-15,Sun,12,5x6-0B-BWN,mon-peak
2029-07-16,Mon,56,5x6-0A-AFQ,mon-peak
2029-07-17,Tue,45,5x6-0B-BZR,mon-peak
2029-07-18,Wed,41,5x6-0A-CKH,mon-peak
2029-07-19,Thu,33,5x6-0A-CTE,mon-peak
2029-07-20,Fri,28,5x6-0A-ASI,mon-peak
2029-07-21,Sat,20,5x6-0A-BXW,mon-peak
2029-07-22,Sun,12,5x6-0B-BWU,mon-peak
2029-07-23,Mon,88,5x6-0B-ASP,mon-peak
2029-07-24,Tue,41,5x6-0A-CHX,mon-peak
2029-07-25,Wed,33,5x6-0A-COJ,mon-peak
2029-07-26,Thu,28,5x6-0A-API,mon-peak
2029-07-27,Fri,28,5x6-0B-DBZ,mon-peak
2029-07-28,Sat,20,5x6-0A-BWR,mon-peak
2029-07-29,Sun,11,5x6-0B-CPJ,mon-peak
2029-07-30,Mon,88,5x6-0A-CDP,mon-peak
2029-07-31,Tue,41,5x6-0A-CDE,mon-peak
2029-08-01,Wed,33,5x6-0A-CNR,mon-peak
2029-08-02,Thu,28,5x6-0A-AOI,mon-peak
2029-08-03,Fri,20,5x6-0A-BQM,mon-peak
2029-08-04,Sat,20,5x6-0A-BQT,mon-peak
2029-08-05,Sun,12,5x6-0B-BXX,mon-peak
2029-08-06,Mon,20,5x6-0A-ARZ,mon-peak
2029-08-07,Tue,20,5x6-0A-AUJ,mon-peak
2029-08-08,Wed,20,5x6-0A-AYI,mon-peak
2029-08-09,Thu,20,5x6-0A-BCF,mon-peak
2029-08-10,Fri,20,5x6-0A-BGH,mon-peak
2029-08-11,Sat,20,5x6-0A-BKH,mon-peak
2029-08-12,Sun,20,5x6-0A-BNS,mon-peak
