challenge_date,level_id,total_solutions,notes
6/22/2026,5x6-0B-BIF,28,
6/23/2026,5x6-0A-BFX,41,
6/24/2026,5x6-0A-CJZ,33,
6/25/2026,5x6-0A-AMY,28,
6/26/2026,5x6-0B-BYJ,12,
6/27/2026,5x6-0B-CID,262,
6/28/2026,5x6-0B-BKE,44,
6/29/2026,5x6-0B-BRQ,28,
6/30/2026,5x6-0A-AMX,41,
7/1/2026,5x6-0A-CJR,33,
7/2/2026,5x6-0A-AKM,28,
7/3/2026,5x6-0B-BYY,12,
7/4/2026,5x6-0B-CID,262,
7/5/2026,5x6-0B-BOW,44,
7/6/2026,5x6-0B-BUB,28,
7/7/2026,5x6-0A-ALC,41,
7/8/2026,5x6-0A-CGD,33,
7/9/2026,5x6-0A-AHJ,28,
7/10/2026,5x6-0B-CBN,12,
7/11/2026,5x6-0B-CAM,206,
7/12/2026,5x6-0B-BTF,44,
7/13/2026,5x6-0B-BYT,28,
7/14/2026,5x6-0A-AJM,41,
7/15/2026,5x6-0A-CCT,33,
7/16/2026,5x6-0B-CHO,14,
7/17/2026,5x6-0B-CBX,12,
7/18/2026,5x6-0B-BJO,202,
7/19/2026,5x6-0B-CCR,44,
7/20/2026,5x6-0B-BZT,28,
7/21/2026,5x6-0B-AXN,40,
7/22/2026,5x6-0A-CCK,33,
7/23/2026,5x6-0B-CHT,14,
7/24/2026,5x6-0B-CEV,12,
7/25/2026,5x6-0B-BOJ,202,
7/26/2026,5x6-0B-CER,44,
7/27/2026,5x6-0B-CCA,28,
7/28/2026,5x6-0A-CUP,40,
7/29/2026,5x6-0A-CBT,33,
7/30/2026,5x6-0B-CMD,14,
7/31/2026,5x6-0B-CEX,12,
8/1/2026,5x6-0B-BNR,189,
8/2/2026,5x6-0B-CSU,44,
8/3/2026,5x6-0B-CSJ,28,
8/4/2026,5x6-0A-COA,40,
8/5/2026,5x6-0A-CAS,33,
8/6/2026,5x6-0B-CON,14,
8/7/2026,5x6-0B-CFI,12,
8/8/2026,5x6-0B-BPD,179,
8/9/2026,5x6-0A-CST,87,
8/10/2026,5x6-0B-CWB,28,
8/11/2026,5x6-0A-CMC,40,
8/12/2026,5x6-0A-BZO,33,
8/13/2026,5x6-0B-CUN,14,
8/14/2026,5x6-0B-CHG,12,
8/15/2026,5x6-0B-APT,347,
8/16/2026,5x6-0A-CYT,86,
8/17/2026,5x6-0B-CYP,28,
8/18/2026,5x6-0A-CHO,40,
8/19/2026,5x6-0A-BZF,33,
8/20/2026,5x6-0B-CVP,14,
8/21/2026,5x6-0B-CMK,12,
8/22/2026,5x6-0B-CHS,153,
8/23/2026,5x6-0B-ASH,85,
8/24/2026,5x6-0B-BAR,55,
8/25/2026,5x6-0A-AWY,40,
8/26/2026,5x6-0A-BRU,33,
8/27/2026,5x6-0B-CWV,14,
8/28/2026,5x6-0B-CMU,12,
8/29/2026,5x6-0B-APX,291,
8/30/2026,5x6-0A-CUZ,84,
8/31/2026,5x6-0A-COT,55,
9/1/2026,5x6-0A-ASD,40,
9/2/2026,5x6-0A-BDI,33,
9/3/2026,5x6-0B-CZH,14,
9/4/2026,5x6-0B-ASS,23,
9/5/2026,5x6-0B-CBC,139,
9/6/2026,5x6-0A-AEN,84,
9/7/2026,5x6-0A-COO,55,
9/8/2026,5x6-0A-AQY,40,
9/9/2026,5x6-0A-AUM,33,
9/10/2026,5x6-0B-DHM,14,
9/11/2026,5x6-0A-DZT,23,
9/12/2026,5x6-0B-CXT,131,
9/13/2026,5x6-0B-BJV,42,
9/14/2026,5x6-0A-CVT,54,
9/15/2026,5x6-0A-AIO,40,
9/16/2026,5x6-0A-AJO,33,
9/17/2026,5x6-0B-DHT,14,
9/18/2026,5x6-0A-DZS,23,
9/19/2026,5x6-0A-COS,261,
9/20/2026,5x6-0B-CNO,42,
9/21/2026,5x6-0A-CUS,54,
9/22/2026,5x6-0A-AIM,40,
9/23/2026,5x6-0B-AWW,32,
9/24/2026,5x6-0B-BNE,14,
9/25/2026,5x6-0A-DUQ,23,
9/26/2026,5x6-0B-BOM,129,
9/27/2026,5x6-0B-BHH,41,
9/28/2026,5x6-0A-CRO,54,
9/29/2026,5x6-0B-CNK,20,
9/30/2026,5x6-0A-DVJ,32,
10/1/2026,5x6-0B-BOI,14,
10/2/2026,5x6-0A-DDJ,23,
10/3/2026,5x6-0B-BTI,128,
10/4/2026,5x6-0B-BJE,41,
10/5/2026,5x6-0A-CNN,54,
10/6/2026,5x6-0B-CRH,20,
10/7/2026,5x6-0A-CXC,32,
10/8/2026,5x6-0B-BRC,14,
10/9/2026,5x6-0A-CUC,23,
10/10/2026,5x6-0B-BHS,122,
10/11/2026,5x6-0B-CKU,41,
10/12/2026,5x6-0A-AJF,54,
10/13/2026,5x6-0B-CUC,20,
10/14/2026,5x6-0A-CUR,32,
10/15/2026,5x6-0B-BSX,14,
10/16/2026,5x6-0A-CUA,23,
10/17/2026,5x6-0B-BHV,122,
10/18/2026,5x6-0A-CWS,81,
10/19/2026,5x6-0A-AEA,54,
10/20/2026,5x6-0B-CYS,20,
10/21/2026,5x6-0A-CTS,32,
10/22/2026,5x6-0B-BUH,14,
10/23/2026,5x6-0A-CJQ,23,
10/24/2026,5x6-0A-COQ,238,
10/25/2026,5x6-0A-CRG,81,
10/26/2026,5x6-0B-BQQ,27,
10/27/2026,5x6-0B-BKC,20,
10/28/2026,5x6-0A-CRM,32,
10/29/2026,5x6-0B-BUI,14,
10/30/2026,5x6-0A-CFT,23,
10/31/2026,5x6-0B-BOD,117,
11/1/2026,5x6-0B-BJX,40,
11/2/2026,5x6-0B-BTV,27,
11/3/2026,5x6-0B-BOX,20,
11/4/2026,5x6-0A-BYR,32,
11/5/2026,5x6-0B-BUL,14,
11/6/2026,5x6-0A-CAE,23,
11/7/2026,5x6-0B-BIB,116,
11/8/2026,5x6-0B-BLG,40,
11/9/2026,5x6-0B-CAZ,27,
11/10/2026,5x6-0B-BZM,20,
11/11/2026,5x6-0A-BVM,32,
11/12/2026,5x6-0B-BYR,14,
11/13/2026,5x6-0A-BYC,23,
11/14/2026,5x6-0B-BOH,113,
11/15/2026,5x6-0B-BUE,40,
11/16/2026,5x6-0B-ARB,53,
11/17/2026,5x6-0B-CIU,20,
11/18/2026,5x6-0A-BSO,32,
11/19/2026,5x6-0B-CAB,14,
11/20/2026,5x6-0A-BTO,23,
11/21/2026,5x6-0A-CVB,225,
11/22/2026,5x6-0B-BZP,40,
11/23/2026,5x6-0A-CYY,53,
11/24/2026,5x6-0B-CND,20,
11/25/2026,5x6-0A-BSJ,32,
11/26/2026,5x6-0B-CAI,14,
11/27/2026,5x6-0A-BSD,23,
11/28/2026,5x6-0B-BID,111,
11/29/2026,5x6-0B-CMT,40,
11/30/2026,5x6-0A-CRE,53,
12/1/2026,5x6-0B-BCL,39,
12/2/2026,5x6-0A-BQU,32,
12/3/2026,5x6-0B-CDV,14,
12/4/2026,5x6-0A-BOW,23,
12/5/2026,5x6-0B-CAP,106,
12/6/2026,5x6-0A-BBC,79,
12/7/2026,5x6-0A-BBA,53,
12/8/2026,5x6-0A-CXO,39,
12/9/2026,5x6-0A-BLT,32,
12/10/2026,5x6-0B-CHI,14,
12/11/2026,5x6-0A-BNV,23,
12/12/2026,5x6-0A-CRB,210,
12/13/2026,5x6-0A-DIW,78,
12/14/2026,5x6-0A-CMP,52,
12/15/2026,5x6-0A-CIK,39,
12/16/2026,5x6-0A-BLN,32,
12/17/2026,5x6-0B-AVN,27,
12/18/2026,5x6-0A-BKK,23,
12/19/2026,5x6-0B-CNH,104,
12/20/2026,5x6-0A-CUQ,78,
12/21/2026,5x6-0A-BRT,52,
12/22/2026,5x6-0A-CGL,39,
12/23/2026,5x6-0A-BLH,32,
12/24/2026,5x6-0A-EBJ,27,
12/25/2026,5x6-0A-BKE,23,
12/26/2026,5x6-0B-BPJ,103,
12/27/2026,5x6-0A-CLY,78,
12/28/2026,5x6-0B-BHE,26,
12/29/2026,5x6-0A-CDU,39,
12/30/2026,5x6-0A-AZY,32,
12/31/2026,5x6-0A-DMG,27,
1/1/2027,5x6-0A-BHC,23,
1/2/2027,5x6-0B-APM,204,
1/3/2027,5x6-0A-AVJ,78,
1/4/2027,5x6-0B-BLX,26,
1/5/2027,5x6-0A-BZL,39,
1/6/2027,5x6-0A-AQP,32,
1/7/2027,5x6-0A-DLB,27,
1/8/2027,5x6-0A-AZN,23,
1/9/2027,5x6-0B-BNS,99,
1/10/2027,5x6-0A-CWR,77,
1/11/2027,5x6-0B-BPU,26,
1/12/2027,5x6-0A-BYD,39,
1/13/2027,5x6-0A-AHL,32,
1/14/2027,5x6-0A-DIY,27,
1/15/2027,5x6-0A-AXC,23,
1/16/2027,5x6-0B-CAN,99,
1/17/2027,5x6-0A-AHN,77,
1/18/2027,5x6-0B-BQZ,26,
1/19/2027,5x6-0A-BWX,39,
1/20/2027,5x6-0B-BVO,16,
1/21/2027,5x6-0A-DEH,27,
1/22/2027,5x6-0A-ATR,23,
1/23/2027,5x6-0B-BJB,98,
1/24/2027,5x6-0A-BWZ,76,
1/25/2027,5x6-0B-CCO,26,
1/26/2027,5x6-0A-BMG,39,
1/27/2027,5x6-0B-BXD,16,
1/28/2027,5x6-0A-DEF,27,
1/29/2027,5x6-0A-AFF,23,
1/30/2027,5x6-0B-AQI,188,
1/31/2027,5x6-0A-AWZ,76,
2/1/2027,5x6-0B-CDX,26,
2/2/2027,5x6-0A-ARJ,39,
2/3/2027,5x6-0B-BXY,16,
2/4/2027,5x6-0A-DCM,27,
2/5/2027,5x6-0A-CXJ,22,
2/6/2027,5x6-0B-CIT,93,
2/7/2027,5x6-0A-AHU,76,
2/8/2027,5x6-0B-CFF,26,
2/9/2027,5x6-0A-ARG,39,
2/10/2027,5x6-0B-BYS,16,
2/11/2027,5x6-0A-DBC,27,
2/12/2027,5x6-0A-CWI,22,
2/13/2027,5x6-0B-BZJ,92,
2/14/2027,5x6-0B-BJZ,38,
2/15/2027,5x6-0B-CSG,26,
2/16/2027,5x6-0A-AJI,39,
2/17/2027,5x6-0B-BZC,16,
2/18/2027,5x6-0A-CYB,27,
2/19/2027,5x6-0A-CVU,22,
2/20/2027,5x6-0B-BGY,91,
2/21/2027,5x6-0B-BNW,38,
2/22/2027,5x6-0B-DAK,26,
2/23/2027,5x6-0B-ANJ,38,
2/24/2027,5x6-0B-CEH,16,
2/25/2027,5x6-0A-CXY,27,
2/26/2027,5x6-0A-CRU,22,
2/27/2027,5x6-0B-CHB,90,
2/28/2027,5x6-0B-CHK,38,
3/1/2027,5x6-0B-BAQ,51,
3/2/2027,5x6-0A-DHP,38,
3/3/2027,5x6-0B-CGP,16,
3/4/2027,5x6-0A-CWH,27,
3/5/2027,5x6-0A-CPA,22,
3/6/2027,5x6-0B-CCB,89,
3/7/2027,5x6-0B-CXU,38,
3/8/2027,5x6-0A-DWF,51,
3/9/2027,5x6-0A-CXE,38,
3/10/2027,5x6-0B-CHU,16,
3/11/2027,5x6-0A-CVN,27,
3/12/2027,5x6-0A-CLE,22,
3/13/2027,5x6-0A-CYF,176,
3/14/2027,5x6-0B-BCK,75,
3/15/2027,5x6-0A-CUJ,51,
3/16/2027,5x6-0A-CFP,38,
3/17/2027,5x6-0B-COT,16,
3/18/2027,5x6-0A-CRD,27,
3/19/2027,5x6-0A-CKG,22,
3/20/2027,5x6-0A-CYL,175,
3/21/2027,5x6-0B-AQF,75,
3/22/2027,5x6-0A-BMK,51,
3/23/2027,5x6-0A-CFO,38,
3/24/2027,5x6-0B-CPT,16,
3/25/2027,5x6-0A-CNX,27,
3/26/2027,5x6-0A-CHH,22,
3/27/2027,5x6-0B-AWN,173,
3/28/2027,5x6-0B-ANI,75,
3/29/2027,5x6-0A-AVK,51,
3/30/2027,5x6-0A-CCL,38,
3/31/2027,5x6-0B-CSS,16,
4/1/2027,5x6-0A-CNH,27,
4/2/2027,5x6-0A-CHG,22,
4/3/2027,5x6-0B-BOK,86,
4/4/2027,5x6-0A-CUW,75,
4/5/2027,5x6-0A-DUR,50,
4/6/2027,5x6-0A-BSM,38,
4/7/2027,5x6-0B-CUQ,16,
4/8/2027,5x6-0A-CMG,27,
4/9/2027,5x6-0A-BTA,22,
4/10/2027,5x6-0B-CHH,86,
4/11/2027,5x6-0A-CCY,75,
4/12/2027,5x6-0A-CXN,50,
4/13/2027,5x6-0A-BGB,38,
4/14/2027,5x6-0B-CXL,16,
4/15/2027,5x6-0A-CKU,27,
4/16/2027,5x6-0A-BRN,22,
4/17/2027,5x6-0A-CYK,169,
4/18/2027,5x6-0A-AFP,75,
4/19/2027,5x6-0A-CUE,50,
4/20/2027,5x6-0A-BBG,38,
4/21/2027,5x6-0B-CXS,16,
4/22/2027,5x6-0A-CGM,27,
4/23/2027,5x6-0A-BPJ,22,
4/24/2027,5x6-0B-BNO,82,
4/25/2027,5x6-0A-COP,74,
4/26/2027,5x6-0A-CCA,50,
4/27/2027,5x6-0A-AJD,38,
4/28/2027,5x6-0B-CYW,16,
4/29/2027,5x6-0A-CFK,27,
4/30/2027,5x6-0A-BNH,22,
5/1/2027,5x6-0B-BOR,82,
5/2/2027,5x6-0A-BWL,74,
5/3/2027,5x6-0A-BTP,50,
5/4/2027,5x6-0A-AEK,38,
5/5/2027,5x6-0B-DEF,16,
5/6/2027,5x6-0A-CDO,27,
5/7/2027,5x6-0A-BMI,22,
5/8/2027,5x6-0A-CXL,160,
5/9/2027,5x6-0A-AUY,74,
5/10/2027,5x6-0A-BAY,50,
5/11/2027,5x6-0B-BIZ,19,
5/12/2027,5x6-0B-DFO,16,
5/13/2027,5x6-0A-CDI,27,
5/14/2027,5x6-0A-BHB,22,
5/15/2027,5x6-0B-BJP,80,
5/16/2027,5x6-0B-BNV,37,
5/17/2027,5x6-0A-AWM,50,
5/18/2027,5x6-0B-BKK,19,
5/19/2027,5x6-0B-BHP,16,
5/20/2027,5x6-0A-BXY,27,
5/21/2027,5x6-0A-BFL,22,
5/22/2027,5x6-0B-BPE,80,
5/23/2027,5x6-0A-CML,73,
5/24/2027,5x6-0A-ASN,50,
5/25/2027,5x6-0B-BLI,19,
5/26/2027,5x6-0B-BIC,16,
5/27/2027,5x6-0A-BVF,27,
5/28/2027,5x6-0A-AZJ,22,
5/29/2027,5x6-0A-CUH,158,
5/30/2027,5x6-0A-BZX,73,
5/31/2027,5x6-0B-BHX,25,
6/1/2027,5x6-0B-BWX,19,
6/2/2027,5x6-0B-BKH,16,
6/3/2027,5x6-0A-BDH,27,
6/4/2027,5x6-0A-ATT,22,
6/5/2027,5x6-0B-CGZ,79,
6/6/2027,5x6-0A-BZI,73,
6/7/2027,5x6-0B-CAX,25,
6/8/2027,5x6-0B-BXJ,19,
6/9/2027,5x6-0A-APD,31,
6/10/2027,5x6-0A-BAI,27,
6/11/2027,5x6-0A-ARS,22,
6/12/2027,5x6-0A-CRC,157,
6/13/2027,5x6-0A-CQD,72,
6/14/2027,5x6-0B-CCK,25,
6/15/2027,5x6-0B-CBU,19,
6/16/2027,5x6-0A-AFG,31,
6/17/2027,5x6-0A-AZS,27,
6/18/2027,5x6-0A-ARD,22,
6/19/2027,5x6-0A-CQJ,156,
6/20/2027,5x6-0A-AEL,72,
6/21/2027,5x6-0B-CNA,25,
6/22/2027,5x6-0B-CDN,19,
6/23/2027,5x6-0B-AQJ,31,
6/24/2027,5x6-0A-AYJ,27,
6/25/2027,5x6-0A-AMQ,22,
6/26/2027,5x6-0B-CSH,78,
6/27/2027,5x6-0B-AWV,72,
6/28/2027,5x6-0A-CXU,49,
6/29/2027,5x6-0B-CGT,19,
6/30/2027,5x6-0A-DKB,31,
7/1/2027,5x6-0A-APH,27,
7/2/2027,5x6-0A-ALL,22,
7/3/2027,5x6-0A-CVH,155,
7/4/2027,5x6-0A-CTZ,72,
7/5/2027,5x6-0A-CTY,49,
7/6/2027,5x6-0B-CKM,19,
7/7/2027,5x6-0A-DHX,31,
7/8/2027,5x6-0A-AJC,27,
7/9/2027,5x6-0A-AKU,22,
7/10/2027,5x6-0A-CUV,155,
7/11/2027,5x6-0B-CUG,36,
7/12/2027,5x6-0A-CTT,49,
7/13/2027,5x6-0B-CLK,19,
7/14/2027,5x6-0A-CZE,31,
7/15/2027,5x6-0A-AIY,27,
7/16/2027,5x6-0B-BDF,22,
7/17/2027,5x6-0A-CQH,153,
7/18/2027,5x6-0B-CXA,36,
7/19/2027,5x6-0A-CPH,49,
7/20/2027,5x6-0B-CMH,19,
7/21/2027,5x6-0A-CTF,31,
7/22/2027,5x6-0A-CLI,26,
7/23/2027,5x6-0B-BDD,22,
7/24/2027,5x6-0B-BOB,76,
7/25/2027,5x6-0B-AVF,71,
7/26/2027,5x6-0A-BML,49,
7/27/2027,5x6-0B-CMM,19,
7/28/2027,5x6-0A-CQU,31,
7/29/2027,5x6-0A-CIW,26,
7/30/2027,5x6-0B-BAO,22,
7/31/2027,5x6-0B-CYC,76,
8/1/2027,5x6-0B-AXI,70,
8/2/2027,5x6-0A-AWQ,49,
8/3/2027,5x6-0B-CMS,19,
8/4/2027,5x6-0A-CQS,31,
8/5/2027,5x6-0A-CHN,26,
8/6/2027,5x6-0B-AYP,22,
8/7/2027,5x6-0B-BTU,75,
8/8/2027,5x6-0A-CWV,70,
8/9/2027,5x6-0A-AWA,49,
8/10/2027,5x6-0B-CNI,19,
8/11/2027,5x6-0A-CPD,31,
8/12/2027,5x6-0A-CCP,26,
8/13/2027,5x6-0B-AXM,22,
8/14/2027,5x6-0B-BIY,74,
8/15/2027,5x6-0A-CTD,70,
8/16/2027,5x6-0A-CWO,48,
8/17/2027,5x6-0B-CPH,19,
8/18/2027,5x6-0A-COG,31,
8/19/2027,5x6-0A-CCD,26,
8/20/2027,5x6-0B-ATY,22,
8/21/2027,5x6-0B-CHJ,74,
8/22/2027,5x6-0A-CDS,70,
8/23/2027,5x6-0A-CWK,48,
8/24/2027,5x6-0B-CVI,19,
8/25/2027,5x6-0A-CNP,31,
8/26/2027,5x6-0A-BZG,26,
8/27/2027,5x6-0B-APR,22,
8/28/2027,5x6-0A-COY,147,
8/29/2027,5x6-0A-AIX,70,
8/30/2027,5x6-0A-CHV,48,
8/31/2027,5x6-0B-CVK,19,
9/1/2027,5x6-0A-CLR,31,
9/2/2027,5x6-0A-BZA,26,
9/3/2027,5x6-0A-DWX,22,
9/4/2027,5x6-0B-AQH,144,
9/5/2027,5x6-0B-BHC,35,
9/6/2027,5x6-0A-AQU,48,
9/7/2027,5x6-0B-DAQ,19,
9/8/2027,5x6-0A-BYO,31,
9/9/2027,5x6-0A-BYB,26,
9/10/2027,5x6-0A-DWD,22,
9/11/2027,5x6-0A-CXM,144,
9/12/2027,5x6-0B-BWK,35,
9/13/2027,5x6-0A-AEH,48,
9/14/2027,5x6-0B-DBN,38,
9/15/2027,5x6-0A-BWU,31,
9/16/2027,5x6-0A-BWS,26,
9/17/2027,5x6-0A-DRF,22,
9/18/2027,5x6-0A-CUU,143,
9/19/2027,5x6-0B-CKG,35,
9/20/2027,5x6-0B-BIW,24,
9/21/2027,5x6-0B-DGX,19,
9/22/2027,5x6-0A-BVQ,31,
9/23/2027,5x6-0A-BVO,26,
9/24/2027,5x6-0A-DQL,22,
9/25/2027,5x6-0A-CON,142,
9/26/2027,5x6-0A-CBM,69,
9/27/2027,5x6-0B-BNK,24,
9/28/2027,5x6-0A-AOO,37,
9/29/2027,5x6-0A-BMY,31,
9/30/2027,5x6-0A-BME,26,
10/1/2027,5x6-0A-DKL,22,
10/2/2027,5x6-0B-BNI,71,
10/3/2027,5x6-0A-CSW,68,
10/4/2027,5x6-0B-CAF,24,
10/5/2027,5x6-0A-ALO,37,
10/6/2027,5x6-0A-BLS,31,
10/7/2027,5x6-0A-BLZ,26,
10/8/2027,5x6-0A-DHW,22,
10/9/2027,5x6-0A-CUL,140,
10/10/2027,5x6-0A-CDL,68,
10/11/2027,5x6-0B-CAJ,24,
10/12/2027,5x6-0A-AJL,37,
10/13/2027,5x6-0A-BDB,31,
10/14/2027,5x6-0A-BAZ,26,
10/15/2027,5x6-0B-BJL,11,
10/16/2027,5x6-0A-BYE,140,
10/17/2027,5x6-0A-AHD,68,
10/18/2027,5x6-0B-CGK,24,
10/19/2027,5x6-0A-AHK,37,
10/20/2027,5x6-0A-AYV,31,
10/21/2027,5x6-0A-BAW,26,
10/22/2027,5x6-0B-BPP,11,
10/23/2027,5x6-0B-CBP,70,
10/24/2027,5x6-0B-BJK,34,
10/25/2027,5x6-0B-CIN,24,
10/26/2027,5x6-0B-BAX,37,
10/27/2027,5x6-0A-AYP,31,
10/28/2027,5x6-0A-BAE,26,
10/29/2027,5x6-0B-BQA,11,
10/30/2027,5x6-0B-CYV,70,
10/31/2027,5x6-0B-CBD,34,
11/1/2027,5x6-0B-CJA,24,
11/2/2027,5x6-0A-DXC,37,
11/3/2027,5x6-0A-AVX,31,
11/4/2027,5x6-0A-AYR,26,
11/5/2027,5x6-0B-BRS,11,
11/6/2027,5x6-0A-CRA,138,
11/7/2027,5x6-0B-CBM,34,
11/8/2027,5x6-0B-CSP,24,
11/9/2027,5x6-0A-DHV,37,
11/10/2027,5x6-0C-AAA,30,
11/11/2027,5x6-0A-AWB,26,
11/12/2027,5x6-0B-BWO,11,
11/13/2027,5x6-0B-BTY,69,
11/14/2027,5x6-0B-CTO,34,
11/15/2027,5x6-0B-CTI,24,
11/16/2027,5x6-0A-CQT,37,
11/17/2027,5x6-0A-DXD,30,
11/18/2027,5x6-0A-AUT,26,
11/19/2027,5x6-0B-CCG,11,
11/20/2027,5x6-0A-CYH,137,
11/21/2027,5x6-0B-DFE,34,
11/22/2027,5x6-0B-CYB,24,
11/23/2027,5x6-0A-CGE,37,
11/24/2027,5x6-0A-DMI,30,
11/25/2027,5x6-0A-AMI,26,
11/26/2027,5x6-0B-CCZ,11,
11/27/2027,5x6-0B-BUG,68,
11/28/2027,5x6-0B-DHJ,34,
11/29/2027,5x6-0B-CYJ,24,
11/30/2027,5x6-0A-BCX,37,
12/1/2027,5x6-0A-DKY,30,
12/2/2027,5x6-0A-ALQ,26,
12/3/2027,5x6-0B-CGR,11,
12/4/2027,5x6-0B-APH,135,
12/5/2027,5x6-0B-ASG,67,
12/6/2027,5x6-0A-CAT,47,
12/7/2027,5x6-0A-AZX,37,
12/8/2027,5x6-0A-DID,30,
12/9/2027,5x6-0A-AEM,26,
12/10/2027,5x6-0B-CLJ,11,
12/11/2027,5x6-0B-BJM,67,
12/12/2027,5x6-0B-APO,67,
12/13/2027,5x6-0A-BMW,47,
12/14/2027,5x6-0A-AZW,37,
12/15/2027,5x6-0A-DEG,30,
12/16/2027,5x6-0A-AEE,26,
12/17/2027,5x6-0B-CMO,22,
12/18/2027,5x6-0B-BNP,67,
12/19/2027,5x6-0A-CPX,67,
12/20/2027,5x6-0A-AZE,47,
12/21/2027,5x6-0A-AWL,37,
12/22/2027,5x6-0A-CYW,30,
12/23/2027,5x6-0B-AXE,26,
12/24/2027,5x6-0B-CMY,11,
12/25/2027,5x6-0B-CTG,67,
12/26/2027,5x6-0A-DXB,66,
12/27/2027,5x6-0A-AWU,47,
12/28/2027,5x6-0A-ATV,37,
12/29/2027,5x6-0A-CVV,30,
12/30/2027,5x6-0B-APS,26,
12/31/2027,5x6-0B-CPJ,11,
1/1/2028,5x6-0B-BBM,133,
1/2/2028,5x6-0A-CYJ,66,
1/3/2028,5x6-0A-ASC,47,
1/4/2028,5x6-0B-BBG,36,
1/5/2028,5x6-0A-CTP,30,
1/6/2028,5x6-0B-AAQ,26,
1/7/2028,5x6-0B-BDT,21,
1/8/2028,5x6-0A-CVG,132,
1/9/2028,5x6-0A-CVS,66,
1/10/2028,5x6-0A-AHR,47,
1/11/2028,5x6-0B-AWO,36,
1/12/2028,5x6-0A-CLC,30,
1/13/2028,5x6-0A-EAX,26,
1/14/2028,5x6-0B-BCD,21,
1/15/2028,5x6-0A-CRF,132,
1/16/2028,5x6-0A-BZD,66,
1/17/2028,5x6-0A-AGZ,47,
1/18/2028,5x6-0A-DWH,36,
1/19/2028,5x6-0A-CHS,30,
1/20/2028,5x6-0A-DMB,26,
1/21/2028,5x6-0B-AWY,21,
1/22/2028,5x6-0A-CBX,132,
1/23/2028,5x6-0A-AVF,66,
1/24/2028,5x6-0A-AFE,47,
1/25/2028,5x6-0A-CVR,36,
1/26/2028,5x6-0A-CCN,30,
1/27/2028,5x6-0A-CXD,26,
1/28/2028,5x6-0B-ATS,21,
1/29/2028,5x6-0B-BHG,66,
1/30/2028,5x6-0A-AVE,66,
1/31/2028,5x6-0B-ANM,47,
2/1/2028,5x6-0A-CMA,36,
2/2/2028,5x6-0A-BWV,30,
2/3/2028,5x6-0A-CSL,26,
2/4/2028,5x6-0B-ANQ,21,
2/5/2028,5x6-0B-BOQ,66,
2/6/2028,5x6-0B-CBL,33,
2/7/2028,5x6-0A-COC,47,
2/8/2028,5x6-0A-CKK,36,
2/9/2028,5x6-0A-BWI,30,
2/10/2028,5x6-0A-CPJ,26,
2/11/2028,5x6-0B-ANL,21,
2/12/2028,5x6-0B-BTJ,66,
2/13/2028,5x6-0B-CIJ,33,
2/14/2028,5x6-0B-BCV,46,
2/15/2028,5x6-0A-CIO,36,
2/16/2028,5x6-0A-BUS,30,
2/17/2028,5x6-0B-BLB,13,
2/18/2028,5x6-0A-EBF,21,
2/19/2028,5x6-0A-CYE,128,
2/20/2028,5x6-0A-CWX,65,
2/21/2028,5x6-0B-BBU,46,
2/22/2028,5x6-0A-CDT,36,
2/23/2028,5x6-0A-BUA,30,
2/24/2028,5x6-0B-BPA,13,
2/25/2028,5x6-0A-DZW,21,
2/26/2028,5x6-0B-BGW,64,
2/27/2028,5x6-0A-CBP,65,
2/28/2028,5x6-0B-AXO,46,
2/29/2028,5x6-0A-CCW,36,
3/1/2028,5x6-0A-BDM,30,
3/2/2028,5x6-0B-BQK,13,
3/3/2028,5x6-0A-DWQ,21,
3/4/2028,5x6-0B-CBO,64,
3/5/2028,5x6-0A-BZZ,65,
3/6/2028,5x6-0A-CUF,46,
3/7/2028,5x6-0A-BXZ,36,
3/8/2028,5x6-0A-AZC,30,
3/9/2028,5x6-0B-BUD,13,
3/10/2028,5x6-0A-DUI,21,
3/11/2028,5x6-0B-CHR,64,
3/12/2028,5x6-0A-AUA,65,
3/13/2028,5x6-0A-CLG,46,
3/14/2028,5x6-0A-BLU,36,
3/15/2028,5x6-0A-AWI,30,
3/16/2028,5x6-0B-CIO,13,
3/17/2028,5x6-0A-DQB,21,
3/18/2028,5x6-0B-DBU,64,
3/19/2028,5x6-0A-DIB,64,
3/20/2028,5x6-0A-BTI,46,
3/21/2028,5x6-0A-BIU,36,
3/22/2028,5x6-0A-AUX,30,
3/23/2028,5x6-0B-CRC,13,
3/24/2028,5x6-0A-DKV,21,
3/25/2028,5x6-0A-AVI,127,
3/26/2028,5x6-0A-CIL,64,
3/27/2028,5x6-0B-BKR,23,
3/28/2028,5x6-0A-ATS,36,
3/29/2028,5x6-0A-ASL,30,
3/30/2028,5x6-0B-CSN,13,
3/31/2028,5x6-0A-DIU,21,
4/1/2028,5x6-0A-CUG,125,
4/2/2028,5x6-0A-BXF,64,
4/3/2028,5x6-0B-CAO,23,
4/4/2028,5x6-0A-AIP,36,
4/5/2028,5x6-0A-AQV,30,
4/6/2028,5x6-0B-CVT,13,
4/7/2028,5x6-0A-DER,21,
4/8/2028,5x6-0B-BTP,62,
4/9/2028,5x6-0A-AXA,64,
4/10/2028,5x6-0B-CGQ,23,
4/11/2028,5x6-0B-BIP,18,
4/12/2028,5x6-0A-AOQ,30,
4/13/2028,5x6-0A-EBI,25,
4/14/2028,5x6-0A-DCY,21,
4/15/2028,5x6-0B-BZK,62,
4/16/2028,5x6-0B-BOE,32,
4/17/2028,5x6-0B-CHE,23,
4/18/2028,5x6-0B-BKQ,18,
4/19/2028,5x6-0A-AOH,30,
4/20/2028,5x6-0A-DGJ,25,
4/21/2028,5x6-0A-CYU,21,
4/22/2028,5x6-0B-CHD,62,
4/23/2028,5x6-0B-BTD,32,
4/24/2028,5x6-0B-CHY,23,
4/25/2028,5x6-0B-BTM,18,
4/26/2028,5x6-0A-AMO,30,
4/27/2028,5x6-0A-DCN,25,
4/28/2028,5x6-0A-CVZ,21,
4/29/2028,5x6-0B-BBP,123,
4/30/2028,5x6-0B-BTN,32,
5/1/2028,5x6-0B-CSZ,23,
5/2/2028,5x6-0B-BZF,18,
5/3/2028,5x6-0A-AHA,30,
5/4/2028,5x6-0A-CPF,25,
5/5/2028,5x6-0A-CVC,21,
5/6/2028,5x6-0B-BII,61,
5/7/2028,5x6-0B-CBY,32,
5/8/2028,5x6-0B-BBX,45,
5/9/2028,5x6-0B-BZI,18,
5/10/2028,5x6-0B-BFR,15,
5/11/2028,5x6-0A-CMW,25,
5/12/2028,5x6-0A-CSK,21,
5/13/2028,5x6-0A-CVA,120,
5/14/2028,5x6-0B-CII,32,
5/15/2028,5x6-0A-CUD,45,
5/16/2028,5x6-0B-CAC,18,
5/17/2028,5x6-0B-BGS,15,
5/18/2028,5x6-0A-CKL,25,
5/19/2028,5x6-0A-CLX,21,
5/20/2028,5x6-0B-CBS,60,
5/21/2028,5x6-0B-CIX,32,
5/22/2028,5x6-0A-CQX,45,
5/23/2028,5x6-0B-CCV,18,
5/24/2028,5x6-0B-BGZ,15,
5/25/2028,5x6-0A-CKB,25,
5/26/2028,5x6-0A-CLT,21,
5/27/2028,5x6-0B-CIE,60,
5/28/2028,5x6-0B-CMG,32,
5/29/2028,5x6-0A-CLJ,45,
5/30/2028,5x6-0B-CDT,18,
5/31/2028,5x6-0B-BHQ,15,
6/1/2028,5x6-0A-CIQ,25,
6/2/2028,5x6-0A-CHI,21,
6/3/2028,5x6-0A-COW,118,
6/4/2028,5x6-0B-CTF,32,
6/5/2028,5x6-0A-CDH,45,
6/6/2028,5x6-0B-CES,18,
6/7/2028,5x6-0B-BJC,15,
6/8/2028,5x6-0A-CIG,25,
6/9/2028,5x6-0A-CEA,21,
6/10/2028,5x6-0B-ANA,117,
6/11/2028,5x6-0B-BBK,63,
6/12/2028,5x6-0A-BZC,45,
6/13/2028,5x6-0B-CMJ,18,
6/14/2028,5x6-0B-BJS,15,
6/15/2028,5x6-0A-CCO,25,
6/16/2028,5x6-0A-CDJ,21,
6/17/2028,5x6-0A-CYR,117,
6/18/2028,5x6-0A-CQK,63,
6/19/2028,5x6-0A-BTH,45,
6/20/2028,5x6-0B-CPS,18,
6/21/2028,5x6-0B-BKN,15,
6/22/2028,5x6-0A-CBG,25,
6/23/2028,5x6-0A-CDG,21,
6/24/2028,5x6-0B-BPC,58,
6/25/2028,5x6-0A-BBF,63,
6/26/2028,5x6-0A-BRR,45,
6/27/2028,5x6-0B-CSF,18,
6/28/2028,5x6-0B-BKS,15,
6/29/2028,5x6-0A-BRS,25,
6/30/2028,5x6-0A-CAQ,21,
7/1/2028,5x6-0B-CUA,58,
7/2/2028,5x6-0A-AWP,63,
7/3/2028,5x6-0A-BFY,45,
7/4/2028,5x6-0B-CTM,18,
7/5/2028,5x6-0B-BLF,15,
7/6/2028,5x6-0A-BRE,25,
7/7/2028,5x6-0A-BJS,21,
7/8/2028,5x6-0B-CYK,58,
7/9/2028,5x6-0A-AHF,63,
7/10/2028,5x6-0A-BCR,45,
7/11/2028,5x6-0B-CUM,18,
7/12/2028,5x6-0B-BLU,15,
7/13/2028,5x6-0A-BIB,25,
7/14/2028,5x6-0A-BGX,21,
7/15/2028,5x6-0A-BZQ,115,
7/16/2028,5x6-0A-CYM,62,
7/17/2028,5x6-0A-BAO,45,
7/18/2028,5x6-0B-DEV,18,
7/19/2028,5x6-0B-BOC,15,
7/20/2028,5x6-0A-BAT,25,
7/21/2028,5x6-0A-BDG,21,
7/22/2028,5x6-0A-CXT,114,
7/23/2028,5x6-0A-BXE,62,
7/24/2028,5x6-0A-AVM,45,
7/25/2028,5x6-0B-ASD,35,
7/26/2028,5x6-0B-BQU,15,
7/27/2028,5x6-0A-AXW,25,
7/28/2028,5x6-0A-BCH,21,
7/29/2028,5x6-0A-CQW,114,
7/30/2028,5x6-0B-BKB,31,
7/31/2028,5x6-0A-ASO,45,
8/1/2028,5x6-0A-DWE,35,
8/2/2028,5x6-0B-CAD,15,
8/3/2028,5x6-0A-AUL,25,
8/4/2028,5x6-0A-BAH,21,
8/5/2028,5x6-0B-BIE,57,
8/6/2028,5x6-0B-BTA,31,
8/7/2028,5x6-0B-AYK,44,
8/8/2028,5x6-0A-DKC,35,
8/9/2028,5x6-0B-CAK,15,
8/10/2028,5x6-0A-AQW,25,
8/11/2028,5x6-0A-AYZ,21,
8/12/2028,5x6-0A-BZY,113,
8/13/2028,5x6-0B-CGL,31,
8/14/2028,5x6-0A-CIA,44,
8/15/2028,5x6-0A-DIX,35,
8/16/2028,5x6-0B-CAR,15,
8/17/2028,5x6-0A-AGK,25,
8/18/2028,5x6-0A-AYO,21,
8/19/2028,5x6-0A-CXG,111,
8/20/2028,5x6-0B-CJC,31,
8/21/2028,5x6-0A-CFU,44,
8/22/2028,5x6-0A-DDC,35,
8/23/2028,5x6-0B-CBI,15,
8/24/2028,5x6-0B-BDZ,24,
8/25/2028,5x6-0A-AVW,21,
8/26/2028,5x6-0A-CXF,111,
8/27/2028,5x6-0B-CRU,31,
8/28/2028,5x6-0A-BAX,44,
8/29/2028,5x6-0A-DDA,35,
8/30/2028,5x6-0B-CHA,15,
8/31/2028,5x6-0B-BBZ,24,
9/1/2028,5x6-0A-ATU,21,
9/2/2028,5x6-0B-APP,109,
9/3/2028,5x6-0B-AQR,61,
9/4/2028,5x6-0A-AZB,44,
9/5/2028,5x6-0A-CYX,35,
9/6/2028,5x6-0B-CKB,15,
9/7/2028,5x6-0B-BBB,24,
9/8/2028,5x6-0A-AQO,21,
9/9/2028,5x6-0A-BZR,108,
9/10/2028,5x6-0A-DIV,61,
9/11/2028,5x6-0A-AFT,44,
9/12/2028,5x6-0A-CSU,35,
9/13/2028,5x6-0B-CMI,15,
9/14/2028,5x6-0B-AVX,24,
9/15/2028,5x6-0A-AIQ,21,
9/16/2028,5x6-0B-CBB,54,
9/17/2028,5x6-0A-CYA,61,
9/18/2028,5x6-0A-AFH,44,
9/19/2028,5x6-0A-CRQ,35,
9/20/2028,5x6-0B-CNM,15,
9/21/2028,5x6-0B-ARI,24,
9/22/2028,5x6-0A-AHC,21,
9/23/2028,5x6-0A-CQV,107,
9/24/2028,5x6-0A-CXZ,61,
9/25/2028,5x6-0B-BIL,22,
9/26/2028,5x6-0A-CQZ,35,
9/27/2028,5x6-0B-AQS,29,
9/28/2028,5x6-0A-DYV,24,
9/29/2028,5x6-0A-AFD,21,
9/30/2028,5x6-0A-CXK,106,
10/1/2028,5x6-0A-CDF,61,
10/2/2028,5x6-0B-BPQ,22,
10/3/2028,5x6-0A-COL,35,
10/4/2028,5x6-0A-DSQ,29,
10/5/2028,5x6-0A-DMD,24,
10/6/2028,5x6-0B-BDK,20,
10/7/2028,5x6-0A-CQL,106,
10/8/2028,5x6-0A-AGN,61,
10/9/2028,5x6-0B-BYU,22,
10/10/2028,5x6-0A-CMJ,35,
10/11/2028,5x6-0A-DQN,29,
10/12/2028,5x6-0A-DKR,24,
10/13/2028,5x6-0B-BCP,20,
10/14/2028,5x6-0A-COH,106,
10/15/2028,5x6-0A-AGM,61,
10/16/2028,5x6-0B-CAT,22,
10/17/2028,5x6-0A-CLF,35,
10/18/2028,5x6-0A-DOQ,29,
10/19/2028,5x6-0A-DIA,24,
10/20/2028,5x6-0B-AYY,20,
10/21/2028,5x6-0A-BYJ,105,
10/22/2028,5x6-0B-BCN,60,
10/23/2028,5x6-0B-CCE,22,
10/24/2028,5x6-0A-CIS,35,
10/25/2028,5x6-0A-DDB,29,
10/26/2028,5x6-0A-DCL,24,
10/27/2028,5x6-0B-AYV,20,
10/28/2028,5x6-0A-AVH,105,
10/29/2028,5x6-0A-CXI,60,
10/30/2028,5x6-0B-CEG,22,
10/31/2028,5x6-0A-CGC,35,
11/1/2028,5x6-0A-DCJ,29,
11/2/2028,5x6-0A-DBH,24,
11/3/2028,5x6-0B-AYR,20,
11/4/2028,5x6-0A-AHS,104,
11/5/2028,5x6-0A-CWZ,60,
11/6/2028,5x6-0B-CNS,22,
11/7/2028,5x6-0A-CBW,35,
11/8/2028,5x6-0A-CWT,29,
11/9/2028,5x6-0A-CXB,24,
11/10/2028,5x6-0B-AXA,20,
11/11/2028,5x6-0B-BUO,52,
11/12/2028,5x6-0A-CQP,60,
11/13/2028,5x6-0B-CSW,22,
11/14/2028,5x6-0A-BLM,35,
11/15/2028,5x6-0A-CNG,29,
11/16/2028,5x6-0A-CVI,24,
11/17/2028,5x6-0B-AVI,20,
11/18/2028,5x6-0B-BZL,52,
11/19/2028,5x6-0A-CNJ,60,
11/20/2028,5x6-0B-DHP,22,
11/21/2028,5x6-0A-BAG,35,
11/22/2028,5x6-0A-CBE,29,
11/23/2028,5x6-0A-CSI,24,
11/24/2028,5x6-0B-ARC,20,
11/25/2028,5x6-0B-CIA,52,
11/26/2028,5x6-0A-CMQ,60,
11/27/2028,5x6-0B-ANZ,43,
11/28/2028,5x6-0A-AWR,35,
11/29/2028,5x6-0A-BWK,29,
11/30/2028,5x6-0A-CPV,24,
12/1/2028,5x6-0B-ANX,20,
12/2/2028,5x6-0A-CDR,103,
12/3/2028,5x6-0A-BTZ,60,
12/4/2028,5x6-0A-DQM,43,
12/5/2028,5x6-0A-AIV,35,
12/6/2028,5x6-0A-BLV,29,
12/7/2028,5x6-0A-CNM,24,
12/8/2028,5x6-0B-ANG,20,
12/9/2028,5x6-0A-CXQ,102,
12/10/2028,5x6-0A-BAJ,60,
12/11/2028,5x6-0A-CQF,43,
12/12/2028,5x6-0B-ARH,34,
12/13/2028,5x6-0A-BAP,29,
12/14/2028,5x6-0A-CNI,24,
12/15/2028,5x6-0A-DZP,20,
12/16/2028,5x6-0A-CCX,101,
12/17/2028,5x6-0B-BHM,30,
12/18/2028,5x6-0A-CPY,43,
12/19/2028,5x6-0B-AOR,34,
12/20/2028,5x6-0A-AZD,29,
12/21/2028,5x6-0A-CNE,24,
12/22/2028,5x6-0A-DYX,20,
12/23/2028,5x6-0A-ATY,101,
12/24/2028,5x6-0B-BHU,30,
12/25/2028,5x6-0A-COM,43,
12/26/2028,5x6-0A-DWA,34,
12/27/2028,5x6-0B-AXC,28,
12/28/2028,5x6-0A-CMK,24,
12/29/2028,5x6-0A-DWY,20,
12/30/2028,5x6-0A-CUM,100,
12/31/2028,5x6-0B-BTE,30,
1/1/2029,5x6-0A-COF,43,
1/2/2029,5x6-0A-DVA,34,
1/3/2029,5x6-0B-AWQ,28,
1/4/2029,5x6-0A-CLU,24,
1/5/2029,5x6-0A-DVX,20,
1/6/2029,5x6-0A-COE,100,
1/7/2029,5x6-0B-BXB,30,
1/8/2029,5x6-0A-CBY,43,
1/9/2029,5x6-0A-DQR,34,
1/10/2029,5x6-0B-AVW,28,
1/11/2029,5x6-0A-CKC,24,
1/12/2029,5x6-0A-DRG,20,
1/13/2029,5x6-0A-AUV,100,
1/14/2029,5x6-0B-CLC,30,
1/15/2029,5x6-0A-BZN,43,
1/16/2029,5x6-0A-DKU,34,
1/17/2029,5x6-0B-ATG,28,
1/18/2029,5x6-0A-CDM,24,
1/19/2029,5x6-0A-DKW,20,
1/20/2029,5x6-0B-CIB,50,
1/21/2029,5x6-0B-CRW,30,
1/22/2029,5x6-0A-BTT,43,
1/23/2029,5x6-0A-CPZ,34,
1/24/2029,5x6-0B-ASN,28,
1/25/2029,5x6-0A-CCE,24,
1/26/2029,5x6-0A-DKS,20,
1/27/2029,5x6-0B-CML,50,
1/28/2029,5x6-0B-CTC,30,
1/29/2029,5x6-0A-BCS,43,
1/30/2029,5x6-0A-CHR,34,
1/31/2029,5x6-0B-ANY,28,
2/1/2029,5x6-0A-CBQ,24,
2/2/2029,5x6-0A-DIT,20,
2/3/2029,5x6-0B-CMX,50,
2/4/2029,5x6-0A-CTG,59,
2/5/2029,5x6-0B-ARE,42,
2/6/2029,5x6-0A-CAX,34,
2/7/2029,5x6-0A-DYQ,28,
2/8/2029,5x6-0A-CBI,24,
2/9/2029,5x6-0A-DIS,20,
2/10/2029,5x6-0B-CUI,50,
2/11/2029,5x6-0A-CMD,59,
2/12/2029,5x6-0B-ANN,42,
2/13/2029,5x6-0A-BYN,34,
2/14/2029,5x6-0A-DYO,28,
2/15/2029,5x6-0A-CAU,24,
2/16/2029,5x6-0A-DIQ,20,
2/17/2029,5x6-0A-CQM,99,
2/18/2029,5x6-0A-CCU,59,
2/19/2029,5x6-0A-EBM,42,
2/20/2029,5x6-0A-BXC,34,
2/21/2029,5x6-0A-DVH,28,
2/22/2029,5x6-0A-BRP,24,
2/23/2029,5x6-0A-DGQ,20,
2/24/2029,5x6-0A-AHO,99,
2/25/2029,5x6-0A-BZM,59,
2/26/2029,5x6-0A-CWJ,42,
2/27/2029,5x6-0A-BWY,34,
2/28/2029,5x6-0A-DJD,28,
3/1/2029,5x6-0A-BNX,24,
3/2/2029,5x6-0A-DGG,20,
3/3/2029,5x6-0B-BAS,98,
3/4/2029,5x6-0A-BAK,59,
3/5/2029,5x6-0A-CQE,42,
3/6/2029,5x6-0A-BTV,34,
3/7/2029,5x6-0A-DHY,28,
3/8/2029,5x6-0A-BMS,24,
3/9/2029,5x6-0A-DEW,20,
3/10/2029,5x6-0B-BOO,49,
3/11/2029,5x6-0A-AWW,59,
3/12/2029,5x6-0A-CLH,42,
3/13/2029,5x6-0A-BMV,34,
3/14/2029,5x6-0A-DCA,28,
3/15/2029,5x6-0A-AZR,24,
3/16/2029,5x6-0A-DDM,20,
3/17/2029,5x6-0A-AUW,97,
3/18/2029,5x6-0A-CYQ,58,
3/19/2029,5x6-0A-CLD,42,
3/20/2029,5x6-0A-AYT,34,
3/21/2029,5x6-0A-CTU,28,
3/22/2029,5x6-0A-AWC,24,
3/23/2029,5x6-0A-DBI,20,
3/24/2029,5x6-0B-BBN,96,
3/25/2029,5x6-0A-CMI,58,
3/26/2029,5x6-0A-CIU,42,
3/27/2029,5x6-0A-ASA,34,
3/28/2029,5x6-0A-CSS,28,
3/29/2029,5x6-0A-AUQ,24,
3/30/2029,5x6-0A-CZF,20,
3/31/2029,5x6-0B-BPG,48,
4/1/2029,5x6-0A-CHT,58,
4/2/2029,5x6-0A-CGF,42,
4/3/2029,5x6-0A-ARK,34,
4/4/2029,5x6-0A-CSB,28,
4/5/2029,5x6-0A-AOR,24,
4/6/2029,5x6-0A-CXW,20,
4/7/2029,5x6-0B-CXW,48,
4/8/2029,5x6-0A-AIR,58,
4/9/2029,5x6-0A-CBK,42,
4/10/2029,5x6-0A-ALN,34,
4/11/2029,5x6-0A-CQR,28,
4/12/2029,5x6-0A-AMT,24,
4/13/2029,5x6-0A-CXV,20,
4/14/2029,5x6-0B-CZJ,48,
4/15/2029,5x6-0B-BJJ,29,
4/16/2029,5x6-0A-BTU,42,
4/17/2029,5x6-0A-ALD,34,
4/18/2029,5x6-0A-CQB,28,
4/19/2029,5x6-0A-AKT,24,
4/20/2029,5x6-0A-CWN,20,
4/21/2029,5x6-0A-CSV,95,
4/22/2029,5x6-0B-BVG,29,
4/23/2029,5x6-0A-BTF,42,
4/24/2029,5x6-0A-AJE,34,
4/25/2029,5x6-0A-CQA,28,
4/26/2029,5x6-0A-AHB,24,
4/27/2029,5x6-0A-CVQ,20,
4/28/2029,5x6-0A-AWN,95,
4/29/2029,5x6-0B-CHM,29,
4/30/2029,5x6-0A-BNW,42,
5/1/2029,5x6-0A-AEJ,34,
5/2/2029,5x6-0A-CBO,28,
5/3/2029,5x6-0A-AFN,24,
5/4/2029,5x6-0A-CSH,20,
5/5/2029,5x6-0A-BYG,94,
5/6/2029,5x6-0A-COD,57,
5/7/2029,5x6-0A-BMF,42,
5/8/2029,5x6-0B-BFV,17,
5/9/2029,5x6-0A-CAP,28,
5/10/2029,5x6-0A-AFK,24,
5/11/2029,5x6-0A-CRY,20,
5/12/2029,5x6-0B-BRD,47,
5/13/2029,5x6-0A-BZH,57,
5/14/2029,5x6-0A-BCV,42,
5/15/2029,5x6-0B-BQI,17,
5/16/2029,5x6-0A-BWT,28,
5/17/2029,5x6-0A-AEG,24,
5/18/2029,5x6-0A-CRP,20,
5/19/2029,5x6-0A-CUK,93,
5/20/2029,5x6-0A-AUB,57,
5/21/2029,5x6-0A-AWX,42,
5/22/2029,5x6-0B-BWI,17,
5/23/2029,5x6-0A-BVL,28,
5/24/2029,5x6-0B-BGH,12,
5/25/2029,5x6-0A-CPL,20,
5/26/2029,5x6-0B-AVP,92,
5/27/2029,5x6-0A-AEO,57,
5/28/2029,5x6-0A-ASK,42,
5/29/2029,5x6-0B-CJS,17,
5/30/2029,5x6-0A-BVI,28,
5/31/2029,5x6-0B-BHJ,12,
6/1/2029,5x6-0A-CNK,20,
6/2/2029,5x6-0A-ATX,92,
6/3/2029,5x6-0B-AXB,56,
6/4/2029,5x6-0A-AIS,42,
6/5/2029,5x6-0B-CPO,17,
6/6/2029,5x6-0A-BSI,28,
6/7/2029,5x6-0B-BJA,12,
6/8/2029,5x6-0A-CFS,20,
6/9/2029,5x6-0B-BHD,46,
6/10/2029,5x6-0B-AND,56,
6/11/2029,5x6-0A-AFU,42,
6/12/2029,5x6-0B-CQR,17,
6/13/2029,5x6-0A-BIZ,28,
6/14/2029,5x6-0B-BKA,12,
6/15/2029,5x6-0A-CEO,20,
6/16/2029,5x6-0B-CGO,46,
6/17/2029,5x6-0A-CPS,56,
6/18/2029,5x6-0A-AFL,42,
6/19/2029,5x6-0B-CTY,17,
6/20/2029,5x6-0A-BCQ,28,
6/21/2029,5x6-0B-BNM,12,
6/22/2029,5x6-0A-CDA,20,
6/23/2029,5x6-0B-CGS,46,
6/24/2029,5x6-0A-CDN,56,
6/25/2029,5x6-0B-BQH,21,
6/26/2029,5x6-0A-DHN,33,
6/27/2029,5x6-0A-AVC,28,
6/28/2029,5x6-0B-BVN,12,
6/29/2029,5x6-0A-CBJ,20,
6/30/2029,5x6-0A-AVL,91,
7/1/2029,5x6-0A-CBZ,56,
7/2/2029,5x6-0B-CBT,21,
7/3/2029,5x6-0A-DCH,33,
7/4/2029,5x6-0A-AUI,28,
7/5/2029,5x6-0B-BWE,12,
7/6/2029,5x6-0A-BZJ,20,
7/7/2029,5x6-0B-BAU,90,
7/8/2029,5x6-0A-CBU,56,
7/9/2029,5x6-0A-CYI,41,
7/10/2029,5x6-0A-CTW,33,
7/11/2029,5x6-0A-AST,28,
7/12/2029,5x6-0B-BWN,12,
7/13/2029,5x6-0A-BYZ,20,
7/14/2029,5x6-0A-COI,90,
7/15/2029,5x6-0A-AGO,56,
7/16/2029,5x6-0A-CKH,41,
7/17/2029,5x6-0A-CTE,33,
7/18/2029,5x6-0A-ASI,28,
7/19/2029,5x6-0B-BWU,12,
7/20/2029,5x6-0A-BXW,20,
7/21/2029,5x6-0B-BZR,45,
7/22/2029,5x6-0A-AFQ,56,
7/23/2029,5x6-0A-CHX,41,
7/24/2029,5x6-0A-COJ,33,
7/25/2029,5x6-0A-API,28,
7/26/2029,5x6-0B-BXH,12,
7/27/2029,5x6-0A-BWR,20,
7/28/2029,5x6-0B-ASP,88,
7/29/2029,5x6-0B-CPJ,11,
7/29/2029,5x6-0B-DBZ,28,
7/30/2029,5x6-0A-CDE,41,
7/31/2029,5x6-0A-CNR,33,
8/1/2029,5x6-0A-AOI,28,
8/2/2029,5x6-0B-BXX,12,
8/3/2029,5x6-0A-CDP,88,
8/4/2029,5x6-0A-BQT,20,
8/5/2029,5x6-0A-BQM,20,
8/6/2029,5x6-0A-BNS,20,
8/7/2029,5x6-0A-BKH,20,
8/8/2029,5x6-0A-BGH,20,
8/9/2029,5x6-0A-BCF,20,
8/10/2029,5x6-0A-AYI,20,
8/11/2029,5x6-0A-AUJ,20,
8/12/2029,5x6-0A-ARZ,20,
